DIPOCE,DI_NCO,PO_HV,PO_f,BA_Code,BA_Mn,PO_Phr,BA_Phr,FS_Phr,Cata_Phr,f(H2O),M_loss,Yield,R,CHS,A_Mix_t,AB_Mix_t,Q,Cata_Code,MCS,CS_rate,CS_TD,Closed_CC,S_CS
110100000,31,367.9917355,4.464132231,1000,18,67.56756757,2.182432432,1.013513514,1.013513514,0.18,5.351351351,96.8847107,1.83,59.7,294,5.1,0,100000,108.6,0.001666667,0,90.8,5.777173913
110100000,31,367.9917355,4.464132231,1000,18,67.56756757,2.182432432,1.013513514,1.013513514,0.18,5.351351351,96.8847107,1.83,59.7,289.8,5.29,0,100000,94.1,0.001666667,1,90.8,3.567934783
100010000,31.4,537,6.137392236,1000,18,1.5,0.06,0.025,0.01,0.0067,14.66666667,94.34810533,0.7,60,35,35,629.03,10000,222.886,0.002073677,0,82.2307,3.169014085
100010000,31.4,698,6.187663085,1000,18,1.153,0.0385,0.019,0.0077,0.0056,9.401709402,95.76352783,0.7,53.6,35,35,629.03,10000,182.1925,0.002094565,0,84.9192,4.727272727
100010000,31.4,480,6.36217586,1000,18,1.67,0.056,0.028,0.011,0.0056,13.58024691,95.07168459,0.7,62.5,35,35,629.03,10000,223.462,0.00207407,0,79.8028,1.714285714
100010000,31.4,559,6.298574562,1000,18,1.5,0.055,0.025,0.01,0.0061,13.44444444,94.80909481,0.7,60,35,35,629.03,10000,223.253,0.00207407,0,82.0161,2.522522523
100010000,31.4,979,6.07236363,1000,18,0.83,0.039,0.014,0.0083,0.0078,9.50617284,94.98942574,0.7,45.5,35,35,629.03,10000,204.3295,0.002106409,0,79.8857,2.145922747
100010000,31.4,1229,6.076863539,1000,18,0.65,0.03,0.011,0.0065,0.0078,7.439613527,95.63492063,0.7,39.5,35,35,629.03,10000,197.3435,0.002102504,0,80.2847,1.456815817
100010000,31.4,1154,6.094136399,1000,18,0.7,0.0233,0.012,0.007,0.0056,5.684754522,96.74074074,0.7,41.1,35,35,629.03,10000,187.7855,0.002093777,0,83.2073,3.902953586
110000000,31,420,4.5,1000,18,59,2,0.88,0.9,0.189,4.900419287,97.00500501,1.7,62.9,249.95,5,0,100000,123.3,0.001666667,0,92.3,5.570351759
110000000,31,420,4.5,1000,18,59,2,0.88,0.9,0.189,4.900419287,97.00500501,1.7,62.9,249.95,5,0,100000,151.7,0.001666667,1,92.3,4.391959799
110100000,31,367.9917355,4.464132231,1000,18,67.56756757,2.182432432,1.013513514,1.013513514,0.18,5.351351351,96.8847107,1.83,59.7,289.8,5,0,100000,128.1,0.001666667,0,93.1,5.490861619
110100000,31,367.9917355,4.464132231,1000,18,67.56756757,2.182432432,1.013513514,1.013513514,0.18,5.351351351,96.8847107,1.83,59.7,289.8,5,0,100000,158.8,0.001666667,1,93.1,3.754569191
110100000,31.25,1541.742208,5.899642782,1000,26.57569694,36.6,6.335319683,1.325663995,1.327656227,0.113944778,11.16901308,95.32936124,0.7,73.2,300,18,0,100100,286.9,0.001706037,0,79.9472,4.222929936
110100000,31.25,1610.829798,5.198744032,1000,25.27469694,35,6.264518332,1.332774123,1.335999883,0.127263667,11.05322068,95.38923093,0.7,74.1,300,18,0,100100,280.5,0.001706037,0,82.5272,5.753213368
110100000,31.25,1653.62417,4.764591933,1000,25.27469694,33.7,6.264518332,1.284031299,1.33627261,0.130203222,10.99275946,95.4789282,0.7,74.8,300,18,0,100100,264.9,0.001706037,0,82.7691,6.575
110100000,31.25,1688.986675,4.405836683,1000,25.27469694,33,6.261454854,1.284867597,1.336545337,0.130203222,10.7977012,95.51642836,0.7,75.2,300,18,0,100100,258.6,0.001706037,0,82.798,5.922606925
110100000,31.25,1701.499935,4.278888724,1000,24.74291916,32.7,6.261454854,1.267100275,1.336545337,0.130203222,10.67658923,95.63928429,0.7,75.41,300,18,0,100100,253.9,0.001706037,0,82.804,6.516393443
110100000,31.25,430,4.25,1000,24.82049181,70,1.930809779,1.360164318,1.255874772,0.135250778,5.325610256,97.33837006,0.7,58.9,300,18,0,100100,163.8,0.001706037,0,91.7646,3.707006369
110100000,31.25,1541.742208,5.899642782,1000,25.27469694,36.6,6.365404749,1.36113203,1.333935044,0.120535,11.29695237,95.24932714,0.7,73.2,300,18,0,100100,282.302,0.001706037,1,78.7477,3.840764331
110100000,31.25,1610.829798,5.198744032,1000,25.27469694,35,6.294603398,1.367819455,1.337262112,0.131441667,11.18538587,95.2980071,0.7,74.1,300,18,0,100100,279.604,0.001706037,1,81.8157,4.670951157
110100000,31.25,1653.62417,4.764591933,1000,25.27469694,33.7,6.294603398,1.329235645,1.342989385,0.134381222,11.18374588,95.30069199,0.7,74.8,300,18,0,100100,268.18727,0.001706037,1,82.0566,5.736363636
110100000,31.25,1688.986675,4.405836683,1000,25.27469694,33,6.29153992,1.329727719,1.343072407,0.134381222,10.98868762,95.32260038,0.7,75.2,300,18,0,100100,265.6585,0.001706037,1,82.1035,5.456211813
110100000,31.25,1701.499935,4.278888724,1000,25.27469694,32.7,6.29153992,1.327099883,1.347531291,0.134381222,10.86757566,95.43250004,0.7,75.41,300,18,0,100100,265.0155,0.001706037,1,82.0945,6.25
110100000,31.25,430,4.25,1000,24.82049181,70,1.928990835,1.360490378,1.250729637,0.135285222,5.323425457,97.32360999,0.7,58.9,300,18,0,100100,163.1228,0.001706037,1,91.7506,3.481953291
110010000,31,200.8389685,2.678510029,1000,18,68.5,2.7,2.7,1.36,0.22,6.661065316,96.19230586,1.7,59.5,600,10,370,100000,500,0.00194955,0,75.952,6.430517711
101010000,31.4,493.220872,4.285289245,1000,18,71,2.1,1.8,0.76,0.167,5.231742408,97.02779016,1.1,55.5,58.95,8.85,0,101000,190.6,0.001666667,1,90,4.805825243
101010000,31.4,481.5329083,4.189294415,1000,18,68,2.03,1.7,0.71,0.167,4.961995624,97.11683376,1.1,55.5,57.15,8.6,0,101000,178.1,0.001666667,1,58,4.18079096
101010000,31.4,474.5785918,4.14061429,1000,18,66,2,1.65,0.7,0.167,4.836972055,97.15949439,1.1,55.5,56.4,8.84,0,101000,237.3,0.001666667,1,47,2.959501558
110000000,31,430,5.707736274,1000,18,62.5,1.25,1.6,0.62,0.14,3.819444444,97.69826323,1.5,61.54,180,8,648,10000,191.6105,0.001666667,0,92.13,5.144404332
100010000,31,450,5.3,1000,18,62,1.24,1.55,0,0.14,3.791011856,97.69999582,1.48,61.7,180,8,648,0,230.444,0.001666667,0,90.038,4.391752577
100010000,31,450,6.6,1000,18,62,1.24,1.55,0,0.14,3.791011856,97.69999582,1.48,61.7,180,8,648,0,219,0.001666667,0,95.5,4.114942529
100010000,31,480,7.1,1000,18,60,1.22,1.52,0,0.14,3.71948333,97.72652116,1.44,62.16,180,8,648,0,247,0.001666667,0,94.6,4.579646018
100010000,31,485,7.3,1000,18,60,1.21,1.5,0,0.14,3.70819849,97.73074225,1.42,62.24,180,8,648,0,227,0.001666667,0,95.3,4.483568075
100010000,31,500,7.4,1000,18,60,1.21,1.5,0,0.14,3.674751119,97.743312,1.38,62.45,180,8,648,0,200,0.001666667,0,92.2,4.852320675
100010000,31,515,7.9,1000,18,59.6,1.192,1.49,0,0.14,3.641901735,97.75574326,1.35,62.66,180,8,648,0,211,0.001666667,0,91,4.630350195
111000000,32.6,408.0469043,4.635044346,1000,18,76.96795795,1.694910929,1.6,2,0.075,4.342105263,98.16819317,1.1,54.4,10,10,18.5,101000,235.549,0.0029487,0,84,8.5
111010000,32.6,303.7719002,4.735066013,1000,18,87.13900761,3.450439872,3.7,4.5,0.072,9.346405229,97.69892992,1.1,54.4,10,10,18.5,101000,172.8,0.003888909,0,89,6.532258065
111000000,32.6,408.0469043,4.633657677,1000,18,77.65191814,1.694910929,1.6,2,0.075,4.342105263,98.16819317,1.1,54.4,10,10,18.5,101000,235.76627,0.002949225,1,84,6.523809524
111010000,32.6,303.7719002,4.984558365,1000,18,87.55449948,3.453438072,3.7,4.5,0.072,9.346405229,97.69892992,1.1,54.4,10,10,18.5,101000,188.43802,0.003879763,1,89,4.564516129
110100000,31.5,407.3649779,5.380693662,1000,18,80,2.16,2.4,0.8,0.15,5.28,97.11412331,1.3,55.56,60,10,185.68,100000,566,0.001666667,0,81,5.905128205
110100000,31.5,407.3649779,5.812347418,1000,18,80,2.16,2.4,0.8,0.15,5.28,97.11412331,1.3,55.56,60,10,178.095,100000,546.16052,0.001666667,1,81,3.871794872
110000000,31,440,4.5,1000,18.45420513,85.47008547,2.991452991,1.282051282,1.282051282,0.194444444,7.312440646,96.50956338,1.1,58.90681791,203.55,10.5,35.93,100000,102.7,0.002528736,0,88.4,8.425110132
110010000,31,429,4.524338235,1000,18,89.28571429,3.125,1.339285714,1.339285714,0.194444444,7.638888889,96.51252898,1.1,58.70789068,132.55,10.59,35.37,100000,96.1,0.002528736,0,88.4,8.092760181
110010000,31,417.0434783,4.550792839,1000,18,92.59259259,3.240740741,1.388888889,1.388888889,0.194444444,7.9218107,96.49663175,1.1,58.17719827,133.1,10.25,29.76,100000,115.1,0.002528736,0,87.1,7.438095238
110010000,31,404,4.579652406,1000,18,97.08737864,3.398058252,1.45631068,1.45631068,0.194444444,8.306364617,96.42341819,1.1,57.40695709,123.2,12.18,32.935,100000,125.1,0.002528736,0,86.6,6.954653938
110010000,31,428.9540502,4.474916586,1000,18,89.28571429,3.125,1.339285714,1.339285714,0.194444444,7.638888889,96.44193494,1.1,58.74989068,135.55,10.85,35.85,100000,98.2,0.002528736,0,88.1,8.639269406
110010000,31,416.9357072,4.447625037,1000,18,93.45794393,3.271028037,1.401869159,1.401869159,0.194444444,7.995846314,96.50214127,1.1,57.85023513,132.85,10.59,33.895,100000,89,0.002528736,0,87.9,8.039534884
110010000,31,403.810657,4.417820351,1000,18,97.08737864,3.398058252,1.45631068,1.45631068,0.194444444,8.306364617,96.41721011,1.1,57.48223725,125.9,12.56,37.54,100000,85.6,0.002528736,0,86.4,8.200483092
110000000,31,440,4.5,1000,18.45420513,85.47008547,2.991452991,1.282051282,1.282051282,0.194444444,7.312440646,96.47910579,1.1,58.81532041,198.65,9.93,29.8,100000,88.322,0.002528736,1,88.4,4.207048458
110010000,31,429,4.524338235,1000,18,89.28571429,3.125,1.339285714,1.339285714,0.194444444,7.638888889,96.51611194,1.1,58.6282739,134.1,10.06,37.5,100000,78.802,0.002528736,1,88.4,3.936651584
110010000,31,417.0434783,4.550792839,1000,18,92.59259259,3.240740741,1.388888889,1.388888889,0.194444444,7.9218107,96.50021471,1.1,58.05787234,133.1,10.18,26.785,100000,88.627,0.002528736,1,87.1,3.928571429
110010000,31,404,4.579652406,1000,18,97.08737864,3.398058252,1.45631068,1.45631068,0.194444444,8.306364617,96.42250802,1.1,57.38503117,123.1,12.16,26.97,100000,96.327,0.002528736,1,86.6,3.484486874
110010000,31,428.9540502,4.474916586,1000,18,89.28571429,3.125,1.339285714,1.339285714,0.194444444,7.638888889,96.49162884,1.1,58.6282739,134.1,9.98,44.22,100000,73.65,0.002528736,1,88.1,4.223744292
110010000,31,416.9357072,4.447625037,1000,18,93.45794393,3.271028037,1.401869159,1.401869159,0.194444444,7.995846314,96.50572423,1.1,57.7729092,134.4,10.1,43.4,100000,65.86,0.002528736,1,87.9,4.209302326
110010000,31,403.810657,4.417820351,1000,18,97.08737864,3.398058252,1.45631068,1.45631068,0.194444444,8.306364617,96.42608668,1.1,57.37031133,126.15,12.08,43.87,100000,60.776,0.002528736,1,86.4,4.106280193
101000000,31.6675,534,4.765550894,0,0,97.1,0,1.550037105,0,0,0,100,1.57,50.7,600,10,0,100000,588,0.001666667,0,77.9705,4.806358382
101001000,31.6355,525.1452461,4.891382659,101,148.1,97.1,0.87,1.313719893,0.049,0,0.873786408,99.55979457,1.56,50.7,600,10,0,100000,548,0.001666667,0,78.3898,4.312684366
101001000,31.581,532.253237,4.867674915,1,148.1,97.1,1.7,1.358946047,0.1,0,1.747572816,99.12578922,1.54,50.7,600,10,0,100000,448,0.001666667,0,78.5604,4.817679558
101001000,31.479,518.7079628,4.891271127,1,148.1,97.1,2.6,1.348773459,0.15,0,2.621359223,98.69785387,1.53,50.7,600,10,0,100000,393,0.001666667,0,79.7204,3.858513189
101001000,31.2795,506.7876447,4.908714834,1,148.1,97.1,3.5,1.320259035,0.2,0,3.495145631,98.27586207,1.52,50.7,600,10,0,100000,255,0.001666667,0,77.6201,2.549718574
101100000,31.6175,529.5387247,4.917020947,1,148.1,97.1,0.87,1.332435579,0.06456,0,0.873786408,99.55979457,1.57,50.7,600,10,0,100000,419,0.001666667,0,78.9794,4.918309859
101100000,31.4455,527.1587061,4.734200928,1,148.1,97.1,1.7,1.335387267,0.10239,0,1.747572816,99.12578922,1.56,50.7,600,10,0,100000,347,0.001666667,0,78.103,5.093506494
101100000,31.402,521.9345243,4.620826915,1,148.1,97.1,2.6,1.318329493,0.14549,0,2.621359223,98.69785387,1.54,50.7,600,10,0,100000,305,0.001666667,0,81.1249,4.930288462
101100000,31.358,512.657604,4.777013441,1,148.1,97.3,3.5,1.34053731,0.191,0,3.495145631,98.27586207,1.53,50.7,600,10,0,100000,304,0.001666667,0,79.9979,3.739336493
110010000,31.5,424.1715521,5.24330172,101,87.24417062,72.5,1.1,1.45,0.72,0.078200667,22.77657267,88.45307918,1.1,58,1200,20,0,100000,518,0.002021984,1,97,4.774535809
110010000,31.5,424.1715521,5.239004928,101,87.24417062,72,1.08,1.44,0.72,0.078200667,22.67818575,88.4784199,1.1,58.1,1200,20,0,100000,522,0.002021984,1,97,4.746835443
110010000,31.5,424.1715521,4.989425737,101,87.24417062,72.5,1.1,1.45,0.72,0.076498222,22.77657267,88.45307918,1.1,58,1200,20,0,100000,515,0.002021984,0,97,6.100795756
110010000,31.5,424.1715521,5.116606969,101,87.24417062,72,1.08,1.44,0.72,0.076498222,22.67818575,88.4784199,1.1,58.1,1200,20,0,100000,519,0.002021984,0,97,5.537974684
110000001,31.5,406,4.3,1001,48.49729531,72.7,24.14,1.7,0.76,0.083,25.50505051,87.37894408,1.1,56.9,300,15,3.84,100000,510,0.002083333,0,94,4.972375691
110001001,31.5,390,5.7,1001,45.93163967,75,24.17,1.76,0.78,0.083,26.26105044,87.19655194,1.1,56.2,300,15,17.04,100000,460,0.002083333,0,97,3.626943005
110001001,31.5,411,7.13,1001,47.93874367,72,23.63,1.69,0.75,0.083,25.25631408,87.4401542,1.1,57.1,300,15,30.48,100000,470,0.002083333,0,99,3.740648379
110001001,31.5,405,9.9,1001,47.38019203,72.9,24.14,1.71,0.759301443,0.083,25.56314857,87.36473385,1.1,56.8,300,15,67.44,100000,430,0.002083333,0,97,3.865979381
110000001,31.5,412,4.3,1001,54.03351578,72.7,24.14,1.7,0.757002271,0.083,25.48574312,87.38367372,1.1,56.9,300,15,3.84,100000,490,0.002083333,0,91,3.664921466
110001001,31.5,397,5.7,1001,50.92574047,75,24.17,1.76,0.78,0.083,26.28155087,87.19168093,1.1,56.2,300,15,17.04,100000,470,0.002083333,0,92,4.134366925
110001001,31.5,421,7.13,1001,53.47496413,72,23.42,1.67,0.74,0.083,25.04960317,87.49148554,1.1,57.3,300,15,30.48,100000,460,0.002083333,0,91,5.089058524
110001001,31.5,410,9.9,1001,47.15308946,73,23.94,1.71,0.760456274,0.083,25.60202788,87.35524257,1.1,56.8,300,15,74.16,100000,630,0.002083333,0,96.2808,2.43902439
110000001,31.5,406,4.3,1001,48.49729531,72.7,24.14,1.7,0.76,0.083,25.50505051,87.37894408,1.1,56.9,300,15,3.84,100000,430,0.002083333,1,94,4.419889503
110001001,31.5,390,5.7,1001,45.93163967,75,24.17,1.76,0.78,0.083,26.26105044,87.19655194,1.1,56.2,300,15,20.4,100000,431,0.002083333,1,97,3.10880829
110001001,31.5,411,7.13,1001,47.93874367,72,23.63,1.69,0.75,0.083,25.25631408,87.4401542,1.1,57.1,300,15,33.84,100000,493,0.002083333,1,99,3.241895262
110001001,31.5,405,9.9,1001,47.38019203,72.9,24.14,1.71,0.759301443,0.083,25.56314857,87.36473385,1.1,56.8,300,15,67.44,100000,387,0.002083333,1,97,3.865979381
110000001,31.5,412,4.3,1001,54.03351578,72.7,24.14,1.7,0.757002271,0.083,25.48574312,87.38367372,1.1,56.9,300,15,3.84,100000,455,0.002083333,1,91,3.926701571
110001001,31.5,397,5.7,1001,50.92574047,75,24.17,1.76,0.78,0.083,26.28155087,87.19168093,1.1,56.2,300,15,17.04,100000,382,0.002083333,1,92,4.134366925
110001001,31.5,421,7.13,1001,53.47496413,72,23.42,1.67,0.74,0.083,25.04960317,87.49148554,1.1,57.3,300,15,30.48,100000,443,0.002083333,1,91,4.325699746
110001001,31.5,410,9.9,1001,47.15308946,73,23.94,1.71,0.760456274,0.083,25.60202788,87.35524257,1.1,56.8,300,15,74.16,100000,580,0.002083333,1,96.2808,1.89701897
110000000,31.561,446,4.6,1001,82.63441473,68,21.4,1.4,0.68,0.083,22.90249433,88.04026051,1.1,59.5,1200,18.09,0,100000,530,0.002083333,0,88.01,5.63002681
110000000,31.4485,446,4.6,1001,82.63441473,68,21.4,1.4,0.68,0.083,22.90249433,88.04026051,1.1,59.5,1200,17.72,0,100000,504.544,0.002083333,1,88.01,4.021447721
110010000,32.6,370,3.870320856,1000,18,60,0.83,0.151,0.83,0.0764,2.02476573,98.75051632,1.06,63.8,67.1,8,23.5,100000,427,0.002500044,0,91,7.601078167
110010000,32.6,370,3.870320856,1000,18,60,0.83,0.151,0.83,0.0764,2.02476573,98.75051632,1.06,63.8,78.85,8,23.5,100000,529.5,0.002500044,1,91,6.091644205
100010000,31,445,5.960935514,1,70.1,91,18.2,1.8,0.91,0,18.18181818,91.41630901,0.94,52.4,60,15,1368,100000,243.2431,0.001666667,0,93,9.132420091
100100000,31.5,444.2,5.47754115,1000,18,84.33108677,0.842459983,1.285341164,0.243640783,0.056,4.468819825,98.45825011,1.05,35.4,120,10,648.905,11000,224.1506,0.001668693,0,78.5855,9.896645866
110100000,31.5,437.0548597,5.072699097,1000,18,95.95384615,0.961538462,1.583235099,0.870071951,0.056,4.62962963,98.43955031,1.05,34.5,120,10,635.705,11000,283.989,0.001799484,0,86.1196,9.100145138
110100000,31.5,428.5383998,5.172523994,1000,18,105.0223158,1.052631579,1.594549664,0.870071951,0.056,4.811898513,98.4193699,1.05,33.7,120,10,635.41,11000,295.694,0.001800534,0,86.1388,7.499622755
110100000,31.5,418.1309043,5.368744114,1000,18,116.6534884,1.162790698,1.604685197,0.892044997,0.056,5.01939311,98.39761098,1.05,32.8,120,10,635.41,11000,319.752,0.001810205,0,85.8249,5.997273966
110000000,31.4565,446,4.6,1001,48.38061403,97,30.5,1.9,0.97,0.083,32.68608414,85.8245614,1.03,50.7,424.9,15.82,0,100000,516,0.001984171,0,91.1,5.352112676
110010000,31.4515,435.8960504,4.432762213,1001,50.84192316,97.1,30.5,1.9,0.97,0.083,32.68608414,85.8245614,1.03,50.7,431.5,15.97,0,100000,448,0.001988625,0,89.5,5.464480874
110010000,31.4515,425.5281063,4.261154862,1001,49.16626823,97,30.5,1.9,0.97,0.083,32.68608414,85.8245614,1.03,50.7,433.9,15.95,0,100000,480,0.001984171,0,90.1,5.866666667
110010000,31.4515,413.5933891,4.063614717,1001,47.52347727,97,30.5,1.9,0.97,0.083,32.68608414,85.8245614,1.03,50.7,433.9,15.82,0,100000,739,0.001984171,0,92.2,5.191256831
110010000,31.4515,387.9340891,3.638909061,1001,42.93647903,96.5,30.5,1.9,0.97,0.083,32.68608414,85.8245614,1.03,50.7,433.9,15.87,0,100000,748,0.001983908,0,95.6,4.213483146
110000000,31.387,446,4.6,1001,48.38061403,97,30.5,1.9,0.97,0.083,32.68608414,85.8245614,1.03,50.7,424.9,15.57,0,100000,514.9076,0.001959277,1,91.1,4.253521127
110010000,31.455,435.8960504,4.432762213,1001,50.61482059,97.1,30.5,1.9,0.97,0.083,32.68608414,85.8245614,1.03,50.7,413.5,15.72,0,100000,515.91,0.001988625,1,89.5,4.289617486
110010000,31.4565,425.5281063,4.261154862,1001,48.93916567,97,30.5,1.9,0.97,0.083,32.68608414,85.8245614,1.03,50.7,424.9,15.82,0,100000,533.2,0.001984171,1,90.1,4.773333333
110010000,31.4565,413.5933891,4.063614717,1001,47.29637471,97,30.5,1.9,0.97,0.083,32.68608414,85.8245614,1.03,50.7,415.9,15.62,0,100000,702.08,0.001984171,1,92.2,3.989071038
110010000,31.4565,387.9340891,3.638909061,1001,42.70937647,96.5,30.5,1.9,0.97,0.083,32.68608414,85.8245614,1.03,50.7,424.9,16,0,100000,675.99,0.001983908,1,95.6,3.679775281
100100000,32.107,615.0436342,5.241148585,1001,51.11097588,96,24.1,3.6,6.5,0,24.07897905,89.55395383,1.0293,51,60,25,0,100100,320,0.004444444,0,85.9256,5.952380952
1010000000,33.6,416.8510719,6.69370448,1000,23.42723221,97.11112677,21.55975554,1.742031084,1.175425021,0.035801778,22.51102516,88.58970005,1.5,54.67214396,476.55,15,0,100000,287.783,0.001666667,0,89.7018,1.956175299
1010010000,33.6,437.8213416,6.604518278,1000,31.94995231,96.49053961,21.25944988,1.463758963,1.172316072,0.035581778,22.12320531,88.78077686,1.5,54.82197186,510.15,15,0,100000,205,0.001666667,0,89.6227,1.825806452
1010010000,33.6,438.2353729,6.606171196,1000,32.73560652,96.49053961,21.21990614,1.458635963,1.172316072,0.035581778,21.91339551,88.80596141,1.5,54.9840089,510.15,15,0,100000,180,0.001666667,0,89.7127,1.896358543
1010010000,33.6,437.8213416,6.604518278,1000,32.73560652,96.49053961,21.21990614,1.463072856,1.172316072,0.035581778,22.02339056,88.80596141,1.5,54.82197186,510.15,15,0,100000,195,0.001666667,0,89.6227,1.870192308
1010010000,33.6,437.8213416,6.604518278,1000,31.94995231,96.49053961,21.29173559,1.463758963,1.172496276,0.035581778,22.12320531,88.78077686,1.5,54.80497186,510.15,15,0,100000,208,0.001666667,0,89.6227,1.571115974
1010010000,33.6,437.8213416,6.604518278,1000,32.73560652,96.49053961,21.21990614,1.463415909,1.172316072,0.035581778,22.0491043,88.80077686,1.5,54.82197186,510.15,15,0,100000,196,0.001666667,0,89.6227,1.375494071
110000000,31,420,4.5,1001,40.71025641,90.09459459,7.135135135,1.8,1.3,0.11,9.764764765,95.75694309,1.1,59,504.75,8,0,100000,122,0.001666667,0,94.2,7.16112532
110000000,31,420,4.5,1000,18,90.09459459,3.667567568,1.8,1.3,0.11,8.808808809,96.56317126,1.1,63.9,130,8,0,100000,117.3,0.001666667,0,93.5,7.167630058
110000000,31,420,4.5,1001,40.71025641,90.09459459,7.135135135,1.8,1.3,0.11,9.764764765,95.75694309,1.1,59,504.75,8,0,100000,157.38,0.001666667,1,94.2,4.552429668
110000000,31,420,4.5,1000,18,90.09459459,3.667567568,1.8,1.3,0.11,8.808808809,96.56317126,1.1,63.9,129.05,8,0,100000,150.1,0.001666667,1,93.5,3.641618497
110100000,31.5,395.4433017,5.52831068,1000,18,85.5,1.695,2.55,2.55,0.11,5.593220339,97.67359887,1.25,63.9,60,10,226.73,100000,566,0.001666667,0,81,5.882352941
100000100,31.25,605.1,4.693601979,1000.19,35.36056163,68.96551724,4.564353119,1.302484757,1.320115873,0.109946333,9.869550832,96.29205104,1,59.18367347,301,10,0,100100,163.33776,0.001666667,0,85.0839,3.28320802
100000100,31.25,992.4,4.748774749,1000.18,33.15115137,42.01680672,3.309969593,1.27225463,1.277288671,0.136118222,8.414842712,96.62889355,1,70.41420118,269.7,10,0,100100,214.58449,0.001666667,0,87.0968,4.089552239
100000100,31.25,692.5,4.698476269,1000.21,36.43871084,60.24096386,3.862878708,1.24941882,1.314294623,0.113194778,9.165717868,96.59654249,1,62.40601504,291.9,10,0,100100,191.32376,0.001666667,0,86.9746,4.230769231
100000100,31.25,660.2,4.715915973,1000.21,36.46123293,63.29113924,3.960794265,1.275402036,1.297404133,0.111861889,9.216253449,96.58729783,1,61.24031008,294.5,10,0,100100,181.03456,0.001666667,0,86.6537,4.451219512
100000100,31.25,660.2,4.693828894,1000.21,36.46123293,63.29113924,3.959194265,1.27434026,1.297304133,0.112139667,9.269947656,96.51620748,1,61.24031008,293.4,10,0,100100,181.37476,0.001666667,0,84.0271,3.476070529
100000100,31.25,750.6,4.748337117,1000.21,36.97048862,55.55555556,3.843632483,1.270229959,1.328030167,0.112623111,9.10958146,96.60720792,1,64.28571429,290.3,10,0,100100,197.23576,0.001666667,0,85.5335,3.832853026
100000100,31.25,750.6,4.785638943,1000.21,36.97048862,55.55555556,3.845232483,1.270288297,1.328726866,0.112345333,9.108536826,96.61671595,1,64.28571429,290.3,10,0,100100,197.51076,0.001666667,0,86.8487,4.587458746
100000100,31.25,750.6,4.751080499,1000.21,36.97048862,55.55555556,3.843632483,1.270229959,1.328030167,0.112623111,9.108536826,96.62136214,1,64.28571429,290.3,10,0,100100,197.23576,0.001666667,0,86.2927,3.907103825
100000100,31.25,555,4.557802638,1000.2,36.73154134,75.18796992,4.725392014,1.245649323,1.253653936,0.106325222,9.82390498,96.47116344,1,57.08154506,291.35,10,0,100100,157.26161,0.001666667,0,87.1821,4.205882353
100000100,31.25,555,4.565319227,1000.2,36.73154134,75.18796992,4.725392014,1.245678493,1.254253936,0.106325222,9.82390498,96.47890446,1,57.08154506,291.35,10,0,100100,157.81661,0.001666667,0,87.5111,4.512534819
100000100,31.25,1208.4,4.811348561,1000.18,33.61569838,34.60207612,3.131628716,1.253721517,1.278188098,0.148803778,7.880207534,96.58942253,1,74.29305913,272.75,10,0,100100,220.16427,0.001666667,0,85.5776,3.756906077
100000100,31.25,1208.4,4.782463389,1000.18,33.61569838,34.60207612,3.133228716,1.253750687,1.277688098,0.148526,7.8791629,96.58942253,1,74.29305913,272.75,10,0,100100,220.16427,0.001666667,0,86.4418,4.367245658
100000100,31.25,484.2,4.605460435,1000.22,38.12045587,86.20689655,4.93057344,1.159190444,1.206537569,0.099541889,10.01166044,96.48207253,1,53.7037037,291.1,10,0,100100,135.77434,0.001666667,0,84.7055,4.338461538
110000000,31.4,490,4.3,1000,18,68.99406651,1.37988133,2.069821995,1.207396164,0.11,3.373043252,98.05757524,1.2,59.17367519,16.7,10,336,100000,103,0.00164042,0,92.98,15.68329718
100010000,31.4,211,2,1000,18,83.85111396,1.677022279,0.41925557,1.467394494,0.11,4.099387794,97.81266576,1.1,54.39183796,131.15,10,336,100000,48,0.00164042,0,57.08,2.3117338
100010000,31.4,495,6,1000,18,84.43449994,1.688689999,0.4221725,1.477603749,0.11,4.127908886,97.80457198,1.3,54.21979078,36.45,10,336,100000,20,0.00164042,0,79.97,6.71657754
110010000,31.5,1365.168399,2.667359667,1001,61.89080885,66.22516556,20.86092715,1.490066225,0.662251656,0.083333333,22.29580574,89.53638954,1.1,65.15679443,300,20,68.46,100000,594,0.002083333,0,91.4245,5.633802817
110010000,31.5,1362.050297,2.844504543,1001,61.62615464,66.22516556,20.86092715,1.490066225,0.662251656,0.083333333,22.29580574,89.50376721,1.1,65.03496503,300,15,48.3,100000,377,0.002083333,0,91.1238,5.617977528
110010000,31.5,1358.9202,3.022330901,1001,61.89080885,66.66666667,21,1.5,0.666666667,0.083333333,22.44444444,89.47094084,1.1,64.9122807,300,20,51.8,100000,422,0.002083333,0,91.5501,6.772009029
110010000,31.5,1326.94395,4.838958165,1001,61.13801861,68.02721088,21.42857143,1.530612245,0.680272109,0.083333333,22.90249433,89.23527844,1.1,64.02877698,300,20,24,100000,400,0.002083333,0,91.5819,6.818181818
110010000,31.5,1365.168399,2.667359667,1001,61.89080885,66.22516556,20.86092715,1.490066225,0.662251656,0.083333333,22.29580574,89.53638954,1.1,65.15679443,300,20,68.46,100000,580,0.002083333,1,90.405,6.103286385
110010000,31.5,1362.050297,2.844504543,1001,61.62615464,66.22516556,20.86092715,1.490066225,0.662251656,0.083333333,22.29580574,89.50376721,1.1,65.03496503,300,15,48.3,100000,587,0.002083333,1,90.0166,5.842696629
110010000,31.5,1358.9202,3.022330901,1001,61.89080885,66.66666667,21,1.5,0.666666667,0.083333333,22.44444444,89.47094084,1.1,64.9122807,300,20,51.8,100000,481,0.002083333,1,90.6726,6.546275395
110010000,31.5,1326.94395,4.838958165,1001,61.13801861,68.02721088,21.42857143,1.530612245,0.680272109,0.083333333,22.90249433,89.23527844,1.1,64.02877698,300,20,23.52,100000,445,0.002083333,1,90.4724,4.318181818
110100000,31.5,413.5,6.62,1001,96.56542056,66.03773585,19.62264151,0.943396226,1.320754717,0.022,20.71278826,89.02222222,1.3,60.2,736.35,20,336,100000,270,0.001666667,0,90.3872,4
110100000,31.5,405.8571429,5.966984127,1001,96.56542056,67.9245283,19.62264151,0.943396226,1.320754717,0.022,20.71278826,89.02222222,1.3,59.55,666.25,20,336,100000,207,0.001666667,0,90.5078,4.5
110110000,31.5,402.9552716,5.547603834,1001,96.56542056,67.9245283,19.62264151,0.943396226,1.320754717,0.022,20.71278826,89.02222222,1.3,59.55,742.8,20,336,100000,331,0.001666667,0,90.1871,7.1
110110000,31.5,405.8571429,5.966984127,1001,96.56542056,67.9245283,19.62264151,0.943396226,1.320754717,0.022,20.71278826,89.02222222,1.3,59.55,736.35,20,336,100000,244,0.001666667,0,90.3471,4.3
110110000,31.5,405.8571429,7.734603175,1001,94.92222222,61.81818182,17.09090909,0.909090909,1.272727273,0.022,18.14141414,90.02222222,1.3,61.8,597.25,20,336,100000,191,0.001666667,0,90.5888,4.9
110101000,31.5,380.2040816,9.144217687,1001,96.56542056,71.15384615,20,0.961538462,1.346153846,0.022,21.11111111,89.02222222,1.3,58.4,605.55,20,336,100000,210,0.001666667,0,90.2691,4.2
110110000,31.5,409.7086614,6.296062992,1001,96.56542056,66.03773585,19.62264151,0.943396226,1.320754717,0.022,20.71278826,89.02222222,1.3,60.2,666.25,20,336,100000,211,0.001666667,0,90.4419,5
110110000,31.5,403.1990721,5.745275616,1001,96.56542056,67.85660377,19.62264151,0.943396226,1.320754717,0.022,20.71278826,89.02222222,1.3,59.55,724.95,20,336,100000,267,0.001666667,0,90.3481,6.6
110110000,31.5,397.9677419,5.292903226,1001,96.56542056,67.9245283,19.62264151,0.943396226,1.320754717,0.022,20.71278826,89.02222222,1.3,59.55,724.95,20,336,100000,242,0.001666667,0,90.3781,6.5
110110000,31.5,408.28594,6.089731438,1001,96.56542056,66.03773585,19.62264151,0.943396226,1.320754717,0.022,20.71278826,89.02222222,1.3,59.55,736.35,20,336,100000,247,0.001666667,0,90.2712,4.3
110110000,31.5,399.2774276,5.179911572,1001,96.56542056,69.16153846,20,0.961538462,1.346153846,0.022,21.11111111,89.02222222,1.3,60.2,704.55,20,336,100000,258,0.001666667,0,90.239,4.5
110110000,31.5,391.9281046,4.426143791,1001,96.56542056,67.9245283,19.62264151,0.943396226,1.320754717,0.022,20.71278826,89.02222222,1.3,59.55,763.2,20,336,100000,357,0.001666667,0,90.1404,3.8
110101000,31.5,397.5570033,7.828664495,1001,96.56542056,70.58823529,20.39215686,0.980392157,1.37254902,0.022,21.52505447,89.02222222,1.3,59.55,702,20,336,100000,393,0.001666667,0,89.9372,4.8
110101000,31.5,340.4477612,12.15820896,1001,96.56542056,74,20.8,1,1.4,0.022,21.95555556,89.02222222,1.3,59.55,690,20,336,100000,396,0.001666667,0,90.0224,3.6
110101000,31.5,340.4477612,12.15820896,1000,18,76,22.01509434,0.943396226,1.320754717,0.022,23.95555556,88.02222222,1.3,56.8,404.3,20,336,100000,419,0.001666667,0,89.9003,2.4
110000000,31.4,490,4.3,1000,18,68.99406651,1.37988133,2.069821995,1.207396164,0.111111111,3.339312819,98.07699948,1.2,59.17367519,15,15,336,100000,119.07962,0.00164042,1,92.7412,15.68329718
110010000,31.4,447.260274,5.248661424,1000,18,76.10350076,1.522070015,2.283105023,1.331811263,0.111111111,3.683409437,97.96766744,1.26,56.78478825,15,15,336,100000,247.32352,0.00164042,1,88.7221,8.439716312
110010000,31.4,393.0051813,5.377922869,1000,18,84.83922966,1.696784593,2.54517689,1.484686519,0.111111111,4.106218716,97.84524976,1.28,54.10106945,15,15,336,100000,264.1684,0.00164042,1,86.7358,7.402597403
110010000,31.4,360,5.933015306,1000,18,90.0090009,1.800180018,2.700270027,1.575157516,0.111111111,4.356435644,97.77828781,1.3,52.62908574,15,15,336,100000,261.62016,0.00164042,1,86.332,6.010638298
110000000,32.5,380,4.069128304,1000,18,34.92717684,1.746358842,1.746358842,1.32723272,0.277777778,4.268877169,96.94528449,1.1,74.11405348,30,7,63.995,101000,215.7,0.006666667,0,93.2,5.898617512
110100000,32.5,370.3490799,3.77522535,1000,18,35.97122302,1.798561151,1.798561151,1.366906475,0.277777778,4.396482814,96.88049458,1.1,73.54497354,30,7,57.74,101000,298.399,0.006666667,0,56.529,5.886830754
110100000,32.5,359.816772,4.061206599,1000,18,37.08098487,1.854049244,1.854049244,1.409077425,0.277777778,4.532120373,96.81281365,1.1,72.94957801,30,7,67.475,101000,327.774,0.006666667,0,46.422,4.588394062
110100000,32.5,348.2765573,4.120713324,1000,18,38.25993802,1.912996901,1.912996901,1.453877645,0.277777778,4.676214647,96.7422176,1.1,72.32753134,30,7,68.285,101000,331.495,0.006666667,0,51.7,4.655812625
110100000,32.5,335.5764855,4.375623769,1000,18,39.51788184,1.975894092,1.975894092,1.50167951,0.277777778,4.829963336,96.6683325,1.1,71.67540008,30,7,75.185,101000,325.093,0.006666667,0,44.27,4.796094199
110100000,32.5,321.5324459,4.377880047,1000,18,40.85968783,2.042984392,2.042984392,1.552668138,0.277777778,4.993961846,96.59111334,1.1,70.99263213,30,7,79.065,101000,351,0.006666667,0,18.1,4.592720971
110000000,32.5,450,3.686285292,1000,18,30.23431595,1.511715797,1.511715797,1.148904006,0.277777778,3.695305283,97.25065297,1.1,76.78467789,30,7,64.105,101000,318.5,0.006666667,0,95.2,7.157235518
110100000,32.5,438.1505502,3.417374465,1000,18,31.44654088,1.572327044,1.572327044,1.194968553,0.277777778,3.843466108,97.16947146,1.1,76.07655502,30,7,56.115,101000,311.302,0.006666667,0,60.23,5.700365408
110100000,32.5,424.9584364,3.717989988,1000,18,32.76110601,1.638055301,1.638055301,1.244922029,0.277777778,4.00413518,97.0832803,1.1,75.32326523,30,7,52.05,101000,304.991,0.006666667,0,59.843,5.280172414
110100000,32.5,410.1817467,4.030362501,1000,18,34.19037199,1.7095186,1.7095186,1.299234136,0.277777778,4.178823243,96.99167514,1.1,74.5209947,30,7,47.935,101000,304.113,0.006666667,0,58.5,4.681100059
110100000,32.5,393.5167411,3.982423393,1000,18,35.75003575,1.787501788,1.787501788,1.358501359,0.277777778,4.369448814,96.89412934,1.1,73.66480565,30,7,54.155,101000,314.563,0.006666667,0,42.335,4.224376731
110100000,32.5,374.5767511,3.952018606,1000,18,37.45879533,1.872939766,1.872939766,1.423434222,0.277777778,4.578297206,96.79004564,1.1,72.74907347,30,7,60.6,101000,372,0.006666667,0,9,3.832630098
110000100,31,444.1441441,3.96349908,1000,18,54.64480874,0.273224044,2.18579235,2.18579235,0.027777778,0.667880996,99.57926946,0.8,64.66431095,20,10,47,100100,201.21002,0.00164042,0,91.2174,5.825825826
110000100,31,444.1441441,3.914990046,1000,18,51.28205128,0.512820513,2.051282051,2.051282051,0.055555556,1.253561254,99.19325266,0.8,66.10169492,20,10,47,100100,188.44852,0.00164042,0,91.2754,5.633802817
110000100,31,444.1441441,3.873657296,1000,18,48.30917874,0.724637681,1.93236715,1.93236715,0.083333333,1.771336554,98.83782356,0.8,67.4267101,20,10,47,100100,184.37952,0.00164042,0,91.4294,5.399239544
110000100,31,444.1441441,3.905268317,1000,18,45.66210046,0.913242009,1.826484018,1.826484018,0.111111111,2.232369356,98.50948509,0.8,68.65203762,20,10,47,100100,178.70752,0.00164042,0,91.897,5.489361702
110000100,31,444.1441441,3.93583439,1000,18,43.29004329,1.082251082,1.731601732,1.731601732,0.138888889,2.645502646,98.20525371,0.8,69.78851964,20,10,47,100100,182.69652,0.00164042,0,91.8496,3.533653846
110000100,31,442.081448,3.890921102,1000,18,45.87155963,0.917431193,1.834862385,1.834862385,0.111111111,2.242609582,98.50492695,0.8,68.55345912,20,10,47,100100,179.30052,0.00164042,0,91.917,5.074946467
110000100,31,444.1441441,3.905268317,1000,18,45.66210046,0.913242009,1.826484018,1.826484018,0.111111111,2.232369356,98.50948509,0.8,68.65203762,20,10,47,100100,178.70752,0.00164042,0,91.897,5.489361702
110000100,31,446.1883408,3.946712552,1000,18,45.45454545,0.909090909,1.818181818,1.818181818,0.111111111,2.222222222,98.51401554,0.8,68.75,20,10,47,100100,175.50952,0.00164042,0,91.8198,5.68788501
110000100,31,448.2142857,3.944934289,1000,18,45.45454545,0.909090909,1.818181818,1.818181818,0.111111111,2.222222222,98.51401554,0.8,68.75,20,10,47,100100,175.50952,0.00164042,0,91.8146,5.663366337
110000000,31,430.9836066,3.681967213,1000,18,57.7700751,2.021952629,0.866551127,0.866551127,0.194444444,4.94255087,96.94007312,1.1,63.38337605,92.4,7.01,17.59,100000,209.3905,0.001666667,0,94.3,6.519480519
110010000,31,354.0909091,3.870909091,1000,18,71.8907261,2.228612509,1.078360891,1.078360891,0.172222222,5.447719466,96.90955229,1.1,58.17649519,109.05,9.25,33.81,100000,154.4765,0.001666667,0,94,8.316062176
110010000,31,381.3326886,3.147311412,1000,18,60.16847172,2.466907341,0.902527076,0.902527076,0.227777778,6.030217944,96.33288612,1.1,62.43425995,144.25,8.3,62.46,100000,181.74606,0.001666667,0,87.2,4.702702703
110010000,31,423.2311558,2.60798995,1000,18,59.52380952,1.964285714,0.892857143,0.892857143,0.183333333,4.801587302,97.05918095,1.1,62.68656716,164.6,7.78,61.215,100000,173.7422,0.001666667,0,93,4.493150685
110000000,31,430.9836066,3.681967213,1000,18,57.7700751,2.021952629,0.866551127,0.866551127,0.194444444,4.94255087,96.94007312,1.1,63.38337605,91.15,7.3,16.27,100000,222.65126,0.001666667,1,94.3,5.012987013
110010000,31,354.0909091,3.870909091,1000,18,71.8907261,2.228612509,1.078360891,1.078360891,0.172222222,5.447719466,96.90955229,1.1,58.17649519,107.35,8.23,21.025,100000,184.94621,0.001666667,1,94,3.678756477
110010000,31,381.3326886,3.147311412,1000,18,60.16847172,2.466907341,0.902527076,0.902527076,0.227777778,6.030217944,96.33288612,1.1,62.43425995,144,8.72,65.48,100000,182.56777,0.001666667,1,87.2,2.783783784
110010000,31,423.2311558,2.60798995,1000,18,59.52380952,1.964285714,0.892857143,0.892857143,0.183333333,4.801587302,97.05918095,1.1,62.68656716,164.5,8.08,61.215,100000,190.78652,0.001666667,1,93,4.136986301
110000010,31,450,3,1000,18,56.49717514,0.225988701,1.186440678,0.225988701,0.022222222,0.552416824,99.65800008,1.05,63.89891697,120,30,48,100000,150,0.001982647,1,96.3,19.52702703
110000010,31,450,3,1000,18,55.55555556,0.333333333,1.166666667,0.222222222,0.033333333,0.814814815,99.49267843,1.05,64.28571429,120,30,48,100000,155,0.001982122,1,96.1,15.73770492
110000010,31,450,3,1000,18,54.64480874,0.43715847,1.147540984,0.218579235,0.044444444,1.068609593,99.33097655,1.05,64.66431095,120,30,48,100000,180,0.001982516,1,95.1,12.0952381
110000010,31,450,3,1000,18,53.47593583,0.534759358,1.122994652,0.213903743,0.055555556,1.307189542,99.1755668,1.05,65.15679443,120,30,48,100000,206,0.001986683,1,94,11.55555556
110000010,31,450,3,1000,18,52.63157895,0.631578947,1.105263158,0.210526316,0.066666667,1.543859649,99.02124347,1.05,65.51724138,120,30,48,100000,253,0.001990587,1,93.1,10.98765432
110000010,31,450,3,1000,18,51.8134715,0.725388601,1.088082902,0.207253886,0.077777778,1.773172136,98.87018084,1.05,65.87030717,120,30,48,100000,254,0.001993835,1,92.8,10.38461538
110000010,31,450,3,1000,18,56.49717514,0.225988701,1.186440678,0.225988701,0.022222222,0.552416824,99.65800008,1.05,63.89891697,120,30,48,100000,117,0.001990874,0,96.3,18.10810811
110000010,31,450,3,1000,18,55.55555556,0.333333333,1.166666667,0.222222222,0.033333333,0.814814815,99.49267843,1.05,64.28571429,120,30,48,100000,120,0.001990874,0,96.1,13.68852459
110000010,31,450,3,1000,18,54.64480874,0.43715847,1.147540984,0.218579235,0.044444444,1.068609593,99.33097655,1.05,64.66431095,120,30,48,100000,137,0.001982516,0,95.1,12.66666667
110000010,31,450,3,1000,18,53.47593583,0.534759358,1.122994652,0.213903743,0.055555556,1.307189542,99.1755668,1.05,65.15679443,120,30,48,100000,151,0.00198291,0,94,12.11111111
110000010,31,450,3,1000,18,52.63157895,0.631578947,1.105263158,0.210526316,0.066666667,1.543859649,99.02124347,1.05,65.51724138,120,30,48,100000,180,0.001983172,0,93.1,9.135802469
110000010,31,450,3,1000,18,51.8134715,0.725388601,1.088082902,0.207253886,0.077777778,1.773172136,98.87018084,1.05,65.87030717,120,30,48,100000,179,0.00198642,0,92.8,8.974358974
