DIPOCE,DI_NCO,PO_HV,PO_f,BA_Code,BA_Mn,PO_Phr,BA_Phr,FS_Phr,Cata_Phr,f(H2O),M_loss,Yield,R,CHS,AB_Mix_t,Q,Cata_Code,MCS,TC_Method,TC_T,Closed_CC,TC
110100000,31,367.9917355,4.464132231,1000,18,67.56756757,2.182432432,1.013513514,1.013513514,0.18,5.351351351,96.8847107,1.83,59.7,5.05,0,100000,108.6,1,283.15,90.8,24.36
100010000,31.5,440,3.426129115,1000,18,50.67615658,1.494661922,1.010676157,0.455516014,0.167,5.229893238,97.01785714,1.1,58.4,10,0,100100,310,1,297.15,88.9,28.74
100100100,31.5,429.3267117,3.644699069,1000,18,32.93172691,0.975329891,0.659781985,0.295467585,0.167,4.215720023,97.37758744,1.1,63.5,10,0,100100,220,1,297.15,89.9,28.72
100100100,31.5,418.1186236,3.664066801,1000,18,30.90605892,0.990550306,0.61700945,0.278488049,0.167,4.084491384,97.42897131,1.1,64.6,10,0,100100,210,1,297.15,84.2,28.59
100100100,31.5,406.1842226,3.594374798,1000,18,29.05660377,0.862533693,0.582210243,0.264150943,0.167,3.961185984,97.47838023,1.1,65,10,0,100100,280,1,297.15,68.9,28.2
100100100,31.5,393.4943044,3.728681534,1000,18,27.42019885,0.83725798,0.549450549,0.248560963,0.167,3.845107274,97.52592593,1.1,65.6,10,0,100100,320,1,297.15,65.7,31.9
100100100,31.5,380,3.694275656,1000,18,25.82613116,0.762582613,0.518556177,0.234875445,0.167,3.735638027,97.57171183,1.1,66.3,10,0,100100,260,1,297.15,37.3,39.29
110000000,31,420,4.5,1000,18,59,2,0.88,0.9,0.189,4.900419287,97.00500501,1.7,62.9,5,0,100000,123.3,1,283.15,92.3,24.55
110100000,31,367.9917355,4.464132231,1000,18,67.56756757,2.182432432,1.013513514,1.013513514,0.18,5.351351351,96.8847107,1.83,59.7,5,0,100000,128.1,1,283.15,93.1,25.35
110000000,31.25,430,4.1,1000,18,74.1,1.5,1.5,3.34,0.11,3.621399177,97.99224276,1.182,57.4,12.28,342,101001,350,1,298.51,66,36.6
110000000,31,340,3,1000,18,67,2,1.3,0.603,0.167,4.888888889,97.13429725,1.2,60,9,0,100100,260,1,297.15,90.6,27.49
101010000,31.4,375.0007991,2.551570874,1000,18,71,2.1,1.8,0.76,0.167,5.231742408,97.02779016,1.1,55.5,12.54,0,101000,190.6,1,298.15,90,28
101010000,31.4,401.6604508,3.217063348,1000,18,68,2.03,1.7,0.71,0.167,4.961995624,97.11683376,1.1,55.5,11.99,0,101000,178.1,1,298.15,58,45
101010000,31.4,406.4606511,3.175916746,1000,18,66,2,1.65,0.7,0.167,4.836972055,97.15949439,1.1,55.5,12.26,0,101000,237.3,1,298.15,47,51
101000000,31.4,315,2,1000,18,80,2.41,2.01,0.85,0.167,5.883611468,96.82814302,1.1,55.5,12.78,0,101000,163.8,1,298.15,93,26
110000000,31.5,360,3,1001,84.95192308,74,16.47,1.84,1.5,0.11,18.30065359,90.50223664,1.1,57.6,17.16,9.519,101001,580,1,323.15,70.3391,31
110100000,31.5,362.0907491,3.387036307,1001,84.95192308,74.41,16.48,1.85,1.51,0.11,18.43894569,90.46512321,1.1,57.5,17.67,9.519,101001,480,1,323.15,72.1628,27
110100000,31.5,364.1758242,3.304473695,1001,84.95192308,75,16.49,1.86,1.52,0.11,18.48962847,90.4515887,1.1,57.4,17.53,9.519,101001,750,1,323.15,70.8627,30
110100000,31.5,366.1742984,3.277473695,1001,84.95192308,74,16.49,1.86,1.52,0.11,18.54059065,90.43801572,1.1,57.3,17.58,9.519,101001,860,1,323.15,69.2643,31
110100000,31.5,368.2608696,3.304191817,1001,84.95192308,75,16.5,1.87,1.52,0.11,18.59183453,90.42440409,1.1,57.2,16.84,9.519,101001,850,1,323.15,54.2894,37
110100000,31.5,370.2702703,3.320911639,1001,84.95192308,74,16.5,1.9,1.53,0.11,18.64336246,90.41075365,1.1,57.1,16.72,9.519,101001,900,1,323.15,46.5794,39
110000000,31.5,360,3,1001,84.95192308,74,16.47,1.84,1.5,0.11,18.30065359,90.50223664,1.1,57.6,14.65,9.519,101001,580,1,293.15,85.4953,26
110100000,31.5,362.0907491,3.386130055,1001,84.95192308,74.41,16.48,1.85,1.51,0.11,18.43894569,90.46512321,1.1,57.5,14.8,9.519,101001,480,1,293.15,86.3242,23
110100000,31.5,364.1758242,3.3067755,1001,84.95192308,75,16.49,1.86,1.52,0.11,18.48962847,90.4515887,1.1,57.4,14.81,9.519,101001,750,1,293.15,86.4155,25
110100000,31.5,366.1742984,3.280800098,1001,84.95192308,74,16.49,1.86,1.52,0.11,18.54059065,90.43801572,1.1,57.3,14.81,9.519,101001,860,1,293.15,86.1025,26
110100000,31.5,368.2608696,3.310480771,1001,84.95192308,75,16.5,1.87,1.52,0.11,18.59183453,90.42440409,1.1,57.2,14.72,9.519,101001,850,1,293.15,76.873,32
110100000,31.5,370.2702703,3.316400007,1001,84.95192308,74,16.5,1.9,1.53,0.11,18.64336246,90.41075365,1.1,57.1,14.72,9.519,101001,900,1,293.15,63.2558,34
110000000,31,430,6.411676733,1000,18,62.5,1.25,1.6,0.62,0.14,3.819444444,97.69826323,1.5,61.54,8,648,10000,257.586,0,297.07,81.2031,45.1
100010000,31,450,5.3,1000,18,62,1.24,1.55,0,0.14,3.791011856,97.69999582,1.48,61.7,8,648,0,231.06,0,288.53,88.3088,40.4
100010000,31,450,6.6,1000,18,62,1.24,1.55,0,0.14,3.791011856,97.69999582,1.48,61.7,8,648,0,219,0,288.32,95.5,36.7
100010000,31,480,7.1,1000,18,60,1.22,1.52,0,0.14,3.71948333,97.72652116,1.44,62.16,8,648,0,247,0,288.76,94.6,37.4
100010000,31,485,7.3,1000,18,60,1.21,1.5,0,0.14,3.70819849,97.73074225,1.42,62.24,8,648,0,227,0,288.46,95.3,36.5
100010000,31,500,7.4,1000,18,60,1.21,1.5,0,0.14,3.674751119,97.743312,1.38,62.45,8,648,0,200,0,288.28,92.2,38.1
100010000,31,515,7.9,1000,18,59.6,1.192,1.49,0,0.14,3.641901735,97.75574326,1.35,62.66,8,648,0,211,0,288.71,91,38.8
110100000,31.5,407.3649779,4.939180369,1000,18,80,2.16,2.4,0.8,0.15,5.28,97.11412331,1.3,55.56,10,48.36671,100000,566,1,283.15,81,35.4
101000000,31,240,2,1001,39.76286359,80.78942599,6.351814612,1.469570057,3.123576995,0.16086,7.477069913,96.49601303,1.1,55.94789578,15,0,10100,480,1,298.15,91.1,25
110000000,31.25,450,3.207684837,1000,18,77.86997583,2.041296536,1.557399517,3.114799033,0.11,3.806976596,97.93211004,1.05,57.26555655,16.74,0,100100,310.124,3,300.4,78.6704,46.56
110100000,31.25,422.6032299,3.388435984,1000,18,57.74364459,2.746932393,1.672394607,1.492865831,0.11,6.451502111,97.33980118,1.05,46.14516612,12.98,0,100100,287.461,3,292.6,69.0191,36.98
110100000,31.25,422.43485,3.243522607,1000,18,57.71825184,2.767945123,1.698712976,1.51934829,0.11,6.521796989,97.32792551,1.05,45.42224528,13.52,0,100100,281.153,3,294.25,70.3578,38.49
110100000,31.25,422.6032299,3.399137374,1000,18,57.48615202,2.745234193,1.695204751,1.486891886,0.11,6.436526633,97.34235083,1.05,46.19616612,12.84,0,100100,290.819,3,292.2,70.4792,35.96
110100000,31.25,416.3238468,3.564636197,1000,18,58.77702242,2.396363138,1.688416598,1.485630551,0.11,6.378693502,97.35226293,1.05,46.81734422,12.44,0,100100,286.413,3,293.53,75.0804,33.48
100100000,31.25,464.4986102,2.693037227,1000,18,47.77648002,12.19747542,1.665814955,0.897701514,0.11,21.12838806,96.27197825,1.05,38.57664856,15.5,0,100100,378,3,298.22,65.623,49.19
100100000,31.25,474.306026,2.728036546,1000,18,52.76155437,12.62377977,1.678115138,0.865385554,0.11,22.73331272,96.22495352,1.05,38.56764856,14.15,0,100100,248,3,292.77,68.8159,45.16
100100000,31.25,467.76135,2.660938434,1000,18,48.47919763,12.19747542,1.670338626,0.888101514,0.11,20.81123962,96.28197569,1.05,38.57664856,13.63,0,100100,370,3,294.62,66.5549,38.62
100100000,31.25,460.4657109,2.662954186,1000,18,46.61214843,11.39637946,1.695448183,0.87071823,0.11,19.65864916,96.32051665,1.05,38.77409921,13.48,0,100100,405,3,294.03,69.0161,37.11
110000010,31,436,2,1000,18,46.4,2.3,0.7,0.93,0.278,5.671564836,96.2962963,1.1,68.3,15,0,100000,331,3,291.31,75.1617,29.2
110100010,31,418.1668164,2,1000,18,51.7,2.6,0.78,1,0.278,6.316393913,96.03174603,1.1,66,15,0,100000,393,3,293.53,67.6256,30.35
110100010,31,402.0318976,2,1000,18,55.6,2.8,0.83,1.1,0.278,6.797676431,95.84701929,1.1,64.3,15,0,100000,410,3,292.98,53.3801,34.23
110100010,31,394.5269879,2,1000,18,57.3,2.9,0.86,1.1,0.278,7.000127275,95.77232023,1.1,63.6,15,0,100000,422,3,292.49,50.4829,34.75
110000000,31,440,4.5,1000,18,85.47008547,2.991452991,1.282051282,1.282051282,0.194444444,7.312440646,96.4431125,1.1,57.29710843,13.58,68.24519,100000,102.7,1,298.15,88.4,22.9
110010000,31,429,4.524338235,1000,18,89.28571429,3.125,1.339285714,1.339285714,0.194444444,7.638888889,96.43185028,1.1,57.11253384,12.95,77.36519,100000,96.1,1,298.15,88.4,23
110010000,31,417.0434783,4.550792839,1000,18,92.59259259,3.240740741,1.388888889,1.388888889,0.194444444,7.9218107,96.40292327,1.1,56.40379573,12.76,71.12519,100000,115.1,1,298.15,87.1,22.8
110010000,31,404,4.579652406,1000,18,97.08737864,3.398058252,1.45631068,1.45631068,0.194444444,8.306364617,96.46899185,1.1,55.12334827,12.9,65.46038,100000,125.1,1,298.15,86.6,22.9
110010000,31,428.9540502,4.474916586,1000,18,89.28571429,3.125,1.339285714,1.339285714,0.194444444,7.638888889,96.43162283,1.1,57.11253384,13,75.44519,100000,98.2,1,298.15,88.1,22.8
110010000,31,416.9357072,4.447625037,1000,18,93.45794393,3.271028037,1.401869159,1.401869159,0.194444444,7.995846314,96.41530375,1.1,56.09477301,12.76,93.20519,100000,89,1,298.15,87.9,22.8
110010000,31,403.810657,4.417820351,1000,18,97.08737864,3.398058252,1.45631068,1.45631068,0.194444444,8.306364617,96.46881762,1.1,55.17961641,12.91,88.02038,100000,85.6,1,298.15,86.4,22.9
101000000,31,240,4.585187563,1001,44.47152104,62.5,13.76,1.56,4.25,0.152,7.638888889,95.64735676,2,61.5,30,0,10100,345,1,298.15,92.1,24
101100000,31,253.5895632,4.568471578,1001,44.47152104,62.55,13.76,1.56,4.25,0.152,7.638888889,95.64735676,2,61.5,30,0,10100,320,1,298.15,89.3,26
101100000,31,266.1538462,4.584728645,1001,44.47152104,62.5,13.76,1.56,4.25,0.152,7.638888889,95.64735676,2,61.5,30,0,10100,310,1,298.15,86.4,29
101100000,31,277.8135353,4.80262321,1001,44.47152104,62.6,13.76,1.56,4.25,0.152,7.638888889,95.64735676,2,61.5,30,0,10100,280,1,298.15,80.2,32
110000000,31,400,3.26712894,101,109.3105921,85.59469407,7.619881245,1.657519206,0.949732131,0.015141111,9.128171129,95.54512467,1.1462,53.95401422,9,361.77519,100000,247,1,297.15,91,20.3
100100000,30,577.6,6,1000,18,50,1,1.95,1.75,0.011,55,68.67881549,1.4,66.7,14.11,184.30519,100000,409.462,1,298.15,66.3926,38.6
100100000,30,577.6,6,1000,18,45,1.4,1.78,1.6,0.0167,50,70.36637931,1.5,68.75,14.87,157.98519,100000,394.822,1,298.15,69.1342,36.4
100100000,30,500.6,6,1000,18,36,0.71,1.4,1.25,0.011,39.28571429,74.48979592,2.4,73.7,15.69,208.33,100000,367.895,1,298.15,78.4977,32
100100000,30,531.8,6,1000,18,62.5,1.25,1.44,2.2,0.011,68.75,64.6529563,1.2,61.5,14.66,164.94519,100000,384.574,1,298.15,62.0554,53.1
100100000,30,531.8,6,1000,18,55.6,1.67,1.28,1.9,0.0167,61.11111111,66.78743961,1.3,64.3,14.48,163.33519,100000,389.548,1,298.15,63.5294,48.4
100100000,30,450.4,6,1000,18,45,1.4,1,1.6,0.0167,50,70.36637931,1.8,68.75,15.88,181.87519,100000,374.271,1,298.15,72.442,34.2
101000000,31.343,534,5.657200714,0,0,97.1,0,1.262820118,0,0,0,100,1.57,50.7,10,0,100000,588,2,291.385,83.278,24.1
101001000,31.3355,515.6940849,5.368333083,101,148.1,97.1,0.87,1.404365904,0.049,0,0.873786408,99.55979457,1.56,50.7,10,0,100000,548,2,293.64,84.2462,23.8
101001000,31.3255,510.0418215,5.29284771,1,148.1,97.1,1.7,1.385745541,0.1,0,1.747572816,99.12578922,1.54,50.7,10,0,100000,448,2,294.17,85.5114,24
101001000,31.3385,504.1272221,5.187646818,1,148.1,97.1,2.6,1.372899435,0.15,0,2.621359223,98.69785387,1.53,50.7,10,0,100000,393,2,293.66,84.2673,23.9
101001000,31.2925,495.5563189,5.015904707,1,148.1,97.1,3.5,1.361545824,0.2,0,3.495145631,98.27586207,1.52,50.7,10,0,100000,255,2,294.815,87.035,25
101100000,31.227,434.0694065,5.005217204,1,148.1,97.1,0.87,1.506167582,0.222243276,0,0.873786408,99.55979457,1.57,50.7,10,0,100000,419,2,293.95,84.3839,24
101100000,31.2225,430.7125711,5.238544826,1,148.1,97.1,1.7,1.462530394,0.287555083,0,1.747572816,99.12578922,1.56,50.7,10,0,100000,347,2,294.265,85.2811,23.6
101100000,31.246,423.9089482,5.035795803,1,148.1,97.1,2.6,1.495493792,0.302009532,0,2.621359223,98.69785387,1.54,50.7,10,0,100000,305,2,294.195,84.2223,23.3
101100000,31.248,425.4937775,5.104795803,1,148.1,97.3,3.5,1.481184102,0.302056326,0,3.495145631,98.27586207,1.53,50.7,10,0,100000,304,2,294.495,85.842,24.2
110010000,31.5,424.1715521,3.673763696,101,134.973,72.5,1.1,1.45,0.72,0.006016667,22.77657267,88.45307918,1.1,58,20,0,100000,518,1,298.15,97,24.1
110010000,31.5,424.1715521,3.702955165,101,137.935,72,1.08,1.44,0.72,0.00602,22.67818575,88.4784199,1.1,58.1,20,0,100000,522,1,298.15,97,23.5
100010000,31.5,323,4.566668374,1000,18,66,2,1.3,1.99,0.167,4.856512141,97.16859717,1.25,60.2,8.3,50.05557,100100,152,1,283.15,88,30.3
100010010,31.5,323,4.902335283,1000,18,65,2.05,1.4,2.02,0.167,5.005688282,97.11853307,1.25,61,8.5,52.13076,100100,170,1,283.15,77.9,31.5
100010010,31.5,323,4.797134753,1000,18,64,2.13,1.42,2.15,0.167,5.200945626,97.05488621,1.25,61,8.87,60.76038,100100,186,1,283.15,64.4,31.6
100010010,31.5,323,4.80723317,1000,18,62,2.19,1.5,2.18,0.167,5.352798054,97.00680272,1.25,61.7,8.7,68.23557,100100,204,1,283.15,31.3,34.2
100010010,31.5,323,4.925199172,1000,18,61,2.3,1.5,2.31,0.167,5.555555556,96.94444444,1.25,62.3,8.6,68.71557,100100,207,1,283.15,18.5,34.6
100010010,31.5,323,4.925654905,1000,18,59,2.4,1.57,2.34,0.167,5.756148613,96.8847352,1.25,63,8.62,73.60038,100100,305,1,283.15,15.4,36.9
100010001,31.5,323,4.897843212,1000,18,65,2.05,1.4,2.02,0.167,5.005688282,97.11853307,1.25,61,8.56,53.57076,100100,149,1,283.15,81.8,31.9
100010001,31.5,323,4.813743873,1000,18,64,2.13,1.42,2.15,0.167,5.200945626,97.05488621,1.25,61,8.94,61.77038,100100,196,1,283.15,80.3,31.1
100010001,31.5,323,4.79164476,1000,18,62,2.19,1.5,2.18,0.167,5.352798054,97.00680272,1.25,61.7,9.04,61.29038,100100,202,1,283.15,83.8,30.2
100010001,31.5,323,4.822076613,1000,18,61,2.3,1.5,2.31,0.167,5.555555556,96.94444444,1.25,62.3,8.78,54.03038,100100,213,1,283.15,91.2,28.3
100010001,31.5,323,4.854903381,1000,18,59,2.4,1.57,2.34,0.167,5.756148613,96.8847352,1.25,63,9.12,64.56519,100100,259,1,283.15,86.3,24.3
110000001,31.5,406,4.3,1001,85.77563874,72.7,24.14,1.7,0.76,0.083,25.50505051,87.37894408,1.1,56.9,15,10.65114,100000,510,1,298.15,94,25.6
110001001,31.5,390,5.7,1001,80.89577753,75,24.17,1.76,0.78,0.083,26.26105044,87.19655194,1.1,56.2,15,17.46633,100000,460,1,298.15,97,24.7
110001001,31.5,411,7.13,1001,81.73891517,72,23.63,1.69,0.75,0.083,25.25631408,87.4401542,1.1,57.1,15,17.08557,100000,470,1,298.15,99,24.7
110001001,31.5,405,9.9,1001,79.86284645,72.9,24.14,1.71,0.759301443,0.083,25.56314857,87.36473385,1.1,56.8,15,14.78076,100000,430,1,298.15,97,25.2
110000001,31.5,412,4.3,1001,85.99781614,72.7,24.14,1.7,0.757002271,0.083,25.48574312,87.38367372,1.1,56.9,15,10.65114,100000,490,1,298.15,91,25.2
110001001,31.5,397,5.7,1001,81.11795493,75,24.17,1.76,0.78,0.083,26.28155087,87.19168093,1.1,56.2,15,15.06633,100000,470,1,298.15,92,25
110001001,31.5,421,7.13,1001,81.74851307,72,23.42,1.67,0.74,0.083,25.04960317,87.49148554,1.1,57.3,15,13.72557,100000,460,1,298.15,91,24.6
110001001,31.5,410,9.9,1001,80.73812389,73,23.94,1.71,0.760456274,0.083,25.60202788,87.35524257,1.1,56.8,15,11.61114,100000,630,1,298.15,93.8951,26.7
110000000,31.4905,446,4.6,1001,85.34413636,68,21.4,1.4,0.68,0.083,22.90249433,88.04026051,1.1,59.5,17.22,0,100000,530,1,295.65,88.01,25.58
110000000,31,420,4.602200573,1001,31.4300885,77,9.97,1.15,1.2,0.17,11.11111111,94.12827462,1.1,56.5,10,0,100000,430,1,283.15,88.8,24.3
110000100,31,412.9471198,4.239971471,1001,31.4300885,78.9,10.19,1.18,0.9,0.17,11.3735783,94.05578418,1.1,55.9,10,0,100000,322,1,283.15,90.1,23.6
110000100,31,409.9513784,4.249780479,1001,31.4300885,78.93,10.313,1.19,0.91,0.17,11.4638448,94.0312213,1.1,55.8,10,0,100000,247,1,283.15,89.9,23.9
110000100,31,398.2254791,4.337122747,1001,31.4300885,81,10.57,1.2,0.65,0.17,11.74345077,93.9562994,1.1,55,10,0,100000,254,1,283.15,91.6,23.3
110000100,31,387.887726,4.325258843,1001,31.4300885,84,11.05,1.27,0.68,0.17,12.24105461,93.82716049,1.1,54.1,10,0,100000,387,1,283.15,91.1,23
100100000,31,351,5.335119165,1000,18,38,1.1,0.9,0.38,0.167,2.78833967,98.01533604,1.75,72.5,15,0,100000,239.445,3,298.15,66.741,34.2
100010000,31,340.24,5.011731785,1000,18,1,2.6,2.17,0.87,0.167,6.376811594,96.68924003,1.75,53.5,15,0,100000,261.166,3,298.15,65.4097,33.9
100100000,31,438,5.25078785,1000,18,1,2.63,2.2,0.88,0.167,6.432748538,96.67422525,1.75,53.3,15,0,100000,248.166,3,298.15,66.6325,36.8
100010000,31,445,3.237403613,1,70.1,91,18.2,1.8,0.91,0,18.18181818,91.41630901,0.94,52.4,15,1368,100000,487.05,1,293.165,93,20
100100000,31.5,444.2,4.624976077,1000,18,84.33108677,0.842459983,1.376696856,1.616393003,0.056,4.468819825,98.45825011,1.05,35.4,10,457.97,11000,215.765,1,283.15,64.5703,35.37
110100000,31.5,437.0548597,5.954148119,1000,18,95.95384615,0.961538462,1.5687242,1.128176511,0.056,4.62962963,98.43955031,1.05,34.5,10,463.43,11000,283.879,1,283.15,73.4766,35.95
110100000,31.5,428.5383998,5.81056859,1000,18,105.0223158,1.052631579,1.591019547,1.163413794,0.056,4.811898513,98.4193699,1.05,33.7,10,465.83,11000,281.232,1,283.15,70.6635,36.43
110100000,31.5,418.1309043,5.855200044,1000,18,116.6534884,1.162790698,1.600723012,1.163413794,0.056,5.01939311,98.39761098,1.05,32.8,10,465.83,11000,297.623,1,283.15,70.5877,36.36
110000000,31.2325,446,4.6,1001,61.24858765,97,30.5,1.9,0.97,0.083,32.68608414,85.8245614,1.03,50.7,15.41,0,100000,516,1,298.15,91.1,26.6
110010000,31.194,435.8960504,4.432762213,1001,59.30646173,97.1,30.5,1.9,0.97,0.083,32.68608414,85.8245614,1.03,50.7,15.53,0,100000,448,1,298.15,89.5,24.7
110010000,31.194,425.5281063,4.261154862,1001,60.12113684,97,30.5,1.9,0.97,0.083,32.68608414,85.8245614,1.03,50.7,15.57,0,100000,480,1,298.15,90.1,24.9
110010000,31.193,413.5933891,4.063614717,1001,59.92192652,97,30.5,1.9,0.97,0.083,32.68608414,85.8245614,1.03,50.7,15.72,0,100000,739,1,298.15,92.2,25.9
110010000,31.193,387.9340891,3.638909061,1001,59.79061267,96.5,30.5,1.9,0.97,0.083,32.68608414,85.8245614,1.03,50.7,15.68,0,100000,748,1,298.15,95.6,27.5
110000001,31.2,375.1751086,3.633860468,1001,50.61856018,89.74782846,9.61583075,1.594001418,3.163575164,0.121538889,10.11824241,95.03617995,1.1,54.08766769,14,0,11010,500,1,298.15,66.4369,40
110001001,31.2,378.9146629,3.884261645,1001,47.75228804,84.13588413,9.069808718,1.639898683,2.66804079,0.135952222,9.616585179,95.35726524,1.1,54.52270731,14,0,11010,405.923,1,298.15,67.6657,38
100100001,31.2,256.7137847,3.304476664,1001,52.76951019,96.97298062,21.62964132,1.943759918,3.7845,0.106083333,22.59640819,88.88561417,1.1,48.50457863,14,0,11010,780,1,298.15,74.7139,33
100101001,31.2,249.17592,3.240009392,1001,51.7958893,96.83713724,21.99521275,1.939529844,3.7469,0.105353333,22.84377502,89.44965144,1.1,48.07811116,14,0,11010,651.78,1,298.15,80.3462,32
100010001,31.2,443.5044294,3.874740468,1001,44.54766194,64.52304038,2.237413712,1.458769119,1.763916844,0.13011,3.816306094,97.47645647,1.1,60.83814444,14,0,11010,305.313,1,298.15,87.0884,29
100100000,31,420,6,1001,24.11935484,37,2.241,1.5,1.48,0.22,4.362139918,96.93287037,2,73,10,888,11000,110,1,283.15,82,26.1
110100000,31,374.8840534,7.196553367,1001,24.11935484,37.1,2.241,1.5,1.48,0.22,4.362139918,96.93287037,2,73,10,888,11000,111,1,283.15,83,25.8
110100000,31,301.1506276,9.15209205,1001,24.11935484,37,2.241,1.5,1.48,0.22,4.362139918,96.93287037,2,73,10,888,11000,121,1,283.15,65,32.6
110100000,31,384.6137184,8.776462094,1001,24.11935484,37,2.241,1.5,1.48,0.22,4.362139918,96.93287037,2,73,10,888,11000,107,1,283.15,82,26.3
110100000,31,339.3914474,12.32467105,1001,24.11935484,37,2.241,1.5,1.48,0.22,4.362139918,96.93287037,2,73,10,888,11000,109,1,283.15,77,28.1
1010000000,33.6,461.6008904,6.133807782,1000,18,47.75904098,1.703694877,2.003715418,0.797566419,0.185124444,4.206710175,97.32283514,1.5,68.14996731,15,0,100000,225.133,1,298.15,79.4502,35
1010010000,33.6,466.4166617,6.133807782,1000,18,47.65748395,1.702363627,1.998953513,0.790366419,0.185424444,4.207681596,97.32248229,1.5,68.13731759,15,0,100000,205,1,298.15,80.345,33.9
1010010000,33.6,465.9895329,6.133807782,1000,18,47.65748395,1.707609234,1.975838471,0.800940381,0.184346667,4.202225686,97.32302405,1.5,68.21433454,15,0,100000,180,1,298.15,80.4442,32.9
1010010000,33.6,466.5684435,6.133807782,1000,18,47.65748395,1.70990717,1.999772972,0.795866419,0.183235556,4.208776289,97.31718821,1.5,68.09059641,15,0,100000,195,1,298.15,80.7283,31.9
1010010000,33.6,468.1101102,6.125267446,1000,18,47.7087066,1.694436465,1.984140563,0.793802815,0.18448,4.218508859,97.31936914,1.5,68.0404123,15,0,100000,208,1,298.15,85.5888,28.8
1010010000,33.6,468.1901102,6.152267446,1000,18,47.66995537,1.700325427,1.941802901,0.797839166,0.183402222,4.21843577,97.31936914,1.5,67.97366582,15,0,100000,196,1,298.15,84.8686,27.8
110000000,31.5,465.1166275,4,1000,18,70,2.3,1.1,0.7,0.13,3.935752343,97.72977096,1.05,58.8,30,0,100000,423,1,298.15,89.7704,22.52
110000000,31.5,482.6692075,4,1001,85.43181818,70,10.5,1.1,0.7,0.056,11.5116867,93.68371636,1.05,58.8,30,0,100000,529,1,298.15,91.3694,22.26
110000000,31.5,471.0569912,4,1001,55.43869347,70,7.7,1.1,0.7,0.056,8.711546688,95.14552587,1.05,58.8,30,0,100000,558,1,298.15,91.3251,21.91
110000000,31.5,518.7677253,4,1001,107.1696629,70,13.7,1.1,0.7,0.056,14.3118267,92.26614547,1.05,58.8,30,0,100000,514,1,298.15,91.2013,19.42
110000000,31.25,300,2,1,148.1,126,10.6,1.9,1,0,10.56793674,95.58955896,1.1,44.2,30,0,100000,352,1,298.15,88.83,28.3
110000000,31.25,400,2,1,148.1,94,9.1,1.7,0.8,0,9.075941552,95.59,1.1,51.5,30,0,100000,252,1,298.15,92.68,27.2
110000000,31.25,500,2,1,148.1,75,8.2,1.5,0.76,0,8.184855234,95.59,1.1,57.1,30,0,100000,201,1,298.15,93.58,25.8
110000000,31.25,600,2,1,148.1,62,7.5,1.4,0.7,0,7.548784663,95.59,1.1,62,30,0,100000,162,1,298.15,93.51,25.9
110000000,31.25,440.9090909,2.16,1,148.1,105,9.5,1.7,0.87,0,9.534127844,95.6,0.9,48.9,30,0,100000,143,1,298.15,92.5,28.1
110000000,31.25,440.9090909,2.023,1,148.1,85,8.6,1.6,0.79,0,8.647798742,95.6,1.1,53.9,30,0,100000,144,1,298.15,92.71,27.1
110000000,31.25,441.1671924,2.986715367,1,148.1,72,8,1.5,0.73,0,8.035062089,95.6,1.3,58,30,0,100000,146,1,298.15,91.36,25.9
110000000,31,420,4.5,1001,40.71025641,90.09459459,7.135135135,1.8,1.3,0.11,9.764764765,95.75694309,1.1,59,8,0,100000,122,1,283.15,94.2,24.42
110000000,31,420,4.5,1000,18,90.09459459,3.667567568,1.8,1.3,0.11,8.808808809,96.56317126,1.1,63.9,8,0,100000,117.3,1,283.15,93.5,26.2
100000100,31.25,605.1,3.172559675,981.02,19.642,68.96551724,1.401105611,1.278103125,1.453342439,0.129487778,3.573974203,97.52610441,1,59.18367347,10,0,100100,234.264,3,293.85,87.77,18
100000100,31.25,992.4,3.358683256,981.03,19.642,42.01680672,2.10056453,1.264841595,1.346178328,0.152991111,3.424564328,97.28459652,1,70.41420118,10,0,100100,250.936,3,293.27,84.7394,17.3
100000100,31.25,692.5,3.212331989,981.02,19.642,60.24096386,1.611671862,1.272041066,1.37723873,0.137485556,3.545917634,97.31814289,1,62.40601504,10,0,100100,239.932,3,293.77,88.3995,20.2
100000100,31.25,660.2,3.218512316,981.02,19.642,63.29113924,1.418805815,1.272383308,1.383733891,0.133321111,3.57025787,97.30450418,1,61.24031008,10,0,100100,236.736,3,293.82,88.1904,19.1
100000100,31.25,660.2,3.218512316,981.02,19.642,63.29113924,1.418805815,1.272383308,1.383733891,0.133321111,3.57025787,97.30450418,1,61.24031008,10,0,100100,236.736,3,293.82,88.1904,18.2
100000100,31.25,750.6,3.35681261,981.02,19.642,55.55555556,1.574549942,1.258575599,1.371669462,0.14448,3.541066073,97.2599606,1,64.28571429,10,0,100100,246.474,3,293.9,87.4371,18
100000100,31.25,750.6,3.35681261,981.02,19.642,55.55555556,1.574549942,1.258575599,1.371669462,0.14448,3.541066073,97.2599606,1,64.28571429,10,0,100100,246.474,3,293.9,87.4371,18.2
100000100,31.25,750.6,3.35681261,981.02,19.642,55.55555556,1.574549942,1.258575599,1.371669462,0.14448,3.541066073,97.2599606,1,64.28571429,10,0,100100,246.474,3,293.9,87.4371,17.3
100000100,31.25,555,3.134019686,981.02,19.642,75.18796992,1.43910958,1.270796943,1.484800549,0.128265556,3.618950297,97.5065032,1,57.08154506,10,0,100100,244.277,3,294.34,87.77,17.4
100000100,31.25,555,3.134019686,981.02,19.642,75.18796992,1.43910958,1.270796943,1.484800549,0.128265556,3.618950297,97.5065032,1,57.08154506,10,0,100100,244.277,3,294.34,87.77,16.6
100000100,31.25,1208.4,3.282907978,981.08,19.642,34.60207612,2.622027396,1.121341087,1.066199261,0.173044444,3.812786624,96.79704224,1,74.29305913,10,0,100100,283.398,3,293.34,81.7966,16.4
100000100,31.25,1208.4,3.282907978,981.08,19.642,34.60207612,2.622027396,1.121341087,1.066199261,0.173044444,3.812786624,96.79704224,1,74.29305913,10,0,100100,283.398,3,293.34,81.7966,15.1
100000100,31.25,484.2,3.076711591,990.01,19.121,86.20689655,1.44905125,1.316002308,1.51271129,0.116326667,3.712350933,97.89141824,1,53.7037037,10,0,100100,219.417,3,294.5,87.2327,15.5
110000000,31.5,360,5.6,1000,18,57,2.6,1.14,1.057,0.25,6.250710308,96.13193614,1.1,63.8,7,0,101000,539,1,293.15,45,34.304
110010000,31.5,355.8595553,5.40157523,1000,18,57,2.56,1.14,1.057,0.25,6.26566416,96.12621496,1.1,63.7,7,0,101000,511,1,293.15,28,35.745
110010000,31.5,351.6681372,5.200707635,1000,18,57.4,2.57,1.142,1.057,0.25,6.280331145,96.12061365,1.1,63.7,7,0,101000,481,1,293.15,20,36.045
110010000,31.5,347.2333851,4.988178612,1000,18,57.3,2.58,1.145,1.057,0.25,6.295427231,96.1148589,1.1,63.6,7,0,101000,446,1,293.15,18,36.147
110010000,31.5,342.7221059,4.771982138,1000,18,57.4,2.9,1.15,1.057,0.25,6.310234052,96.10922467,1.1,63.5,7,0,101000,408,1,293.15,15,36.18
110010000,31.5,338.141159,4.552446941,1000,18,58,2.9,1.15,1.057,0.25,6.325110689,96.10357409,1.1,63.5,7,0,101000,392,1,293.15,13,37.045
110000000,31.5,360,5.6,1000,18,57,2.6,1.14,1.057,0.25,6.250710308,96.13193614,1.1,63.8,7,0,101000,539,1,323.15,45,39.998
110010000,31.5,355.8595553,5.40157523,1000,18,57,2.56,1.14,1.057,0.25,6.26566416,96.12621496,1.1,63.7,7,0,101000,511,1,323.15,28,40.474
110010000,31.5,351.6681372,5.200707635,1000,18,57.4,2.57,1.142,1.057,0.25,6.280331145,96.12061365,1.1,63.7,7,0,101000,481,1,323.15,20,40.506
110010000,31.5,347.2333851,4.988178612,1000,18,57.3,2.58,1.145,1.057,0.25,6.295427231,96.1148589,1.1,63.6,7,0,101000,446,1,323.15,18,40.595
110010000,31.5,342.7221059,4.771982138,1000,18,57.4,2.9,1.15,1.057,0.25,6.310234052,96.10922467,1.1,63.5,7,0,101000,408,1,323.15,15,40.962
110010000,31.5,338.141159,4.552446941,1000,18,58,2.9,1.15,1.057,0.25,6.325110689,96.10357409,1.1,63.5,7,0,101000,392,1,323.15,13,41.056
110000000,31.5,360,5.6,1000,18,57,2.6,1.14,1.057,0.25,6.250710308,96.13193614,1.1,63.8,7,0,101000,539,1,343.15,45,43.448
110010000,31.5,355.8595553,5.40157523,1000,18,57,2.56,1.14,1.057,0.25,6.26566416,96.12621496,1.1,63.7,7,0,101000,511,1,343.15,28,44.021
110010000,31.5,351.6681372,5.200707635,1000,18,57.4,2.57,1.142,1.057,0.25,6.280331145,96.12061365,1.1,63.7,7,0,101000,481,1,343.15,20,44.162
110010000,31.5,347.2333851,4.988178612,1000,18,57.3,2.58,1.145,1.057,0.25,6.295427231,96.1148589,1.1,63.6,7,0,101000,446,1,343.15,18,45.168
110010000,31.5,342.7221059,4.771982138,1000,18,57.4,2.9,1.15,1.057,0.25,6.310234052,96.10922467,1.1,63.5,7,0,101000,408,1,343.15,15,45.192
110010000,31.5,338.141159,4.552446941,1000,18,58,2.9,1.15,1.057,0.25,6.325110689,96.10357409,1.1,63.5,7,0,101000,392,1,343.15,13,46.011
110000000,31,420,4.8,1000,18,59,2,0.9,0.29,0.189,4.900419287,96.97777778,1.52,63,5,-48,100000,251.484,3,283.15,92.1,25.1
110010000,31,374.3555556,4.467777778,1000,18,74,2.5,1.1,0.37,0.189,6.111111111,96.5571205,1.74,58,5,-48,100000,235.578,3,283.15,86.8,25.8
110010000,31,374.8111051,4.539466522,1000,18,71.2,2.4,1,0.36,0.187,5.875059609,96.64980693,1.7,58.3,5,-48,100000,228.461,3,283.15,89.5,25.1
110010000,31,373.3060719,4.58983891,1000,18,70,2.3,1,0.35,0.184,5.647568236,96.74100251,1.67,59,5,-48,100000,240.728,3,283.15,87.1,26.2
110010000,31,372.7773343,4.641034336,1000,18,68.1,2.2,1.02,0.34,0.182,5.435781544,96.82815975,2.1,59.6,5,-48,100000,208.261,3,283.15,88.4,26.1
110010000,31,372.5751073,4.688412017,1000,18,66,2.1,1,0.33,0.18,5.24039871,96.90697121,1.6,60,5,-48,100000,243.771,3,283.15,89.2,25.4
100100000,31.2305,548,16,1000,18,57,1.1,1.7,0.51,0.11,4.19047619,76.9681742,1.3,63.6,10.59,0,100000,129,1,293.15,87.0507,26.9
100100000,31.3255,548,16,1000,18,56,1.7,2.2,0.5,0.17,4.074074074,77.32426304,1.3,64.3,11.11,0,100000,342,1,293.15,76.5088,32.1
100100000,30.9575,482,8,1000,18,74.1,1.5,4.3,0.67,0.11,5.432098765,73.65900383,1.1,57.45,11.16,0,100000,148,1,293.15,72.5372,35.1
100100000,31.187,482,8,1000,18,65,2,3.1,0.58,0.17,4.731182796,75.42448615,1.2,60.8,11.49,0,100000,109,1,293.15,80.3514,31.4
100100000,31.1295,510,8,1000,18,65,1.3,3.1,0.58,0.11,4.731182796,75.42448615,1,60.8,11.12,0,100000,265,1,293.15,75.2666,33.3
100100000,31.2255,654,12,1000,18,56,1.1,1.67,0.094,0.11,4.074074074,77.32426304,1.1,64.3,10.77,0,100000,149,1,293.15,85.962,24.2
100100000,31.3065,654,12,1000,18,53,1.6,2.1,0.09,0.17,3.859649123,78.00439912,1.2,65.52,10.99,0,100000,237,1,293.15,72.2756,32.9
100100000,31.1695,560,16,1000,18,56.2,1.12,1.69,0.096,0.11,4.119850187,77.18315702,1.3,64.1,10.83,0,100000,169,1,293.15,87.0074,23.1
100100000,31.3605,560,16,1000,18,56,1.67,2.2,0.094,0.17,4.074074074,77.32426304,1.3,64.3,11.08,0,100000,261,1,293.15,86.8218,24.5
100100000,30.75,409,8,1000,18,91,1.82,2.73,0.15,0.11,6.666666667,71.0602473,1.1,52.4,11.2,0,100000,209,1,293.15,66.8115,36.5
100100000,30.8765,409,8,1000,18,83,2.5,3.25,0.14,0.17,6.111111111,72.1589471,1.1,54.5,11.64,0,100000,321,1,293.15,62.5587,35.6
100100000,30.947,493,8,1000,18,67,1.3,2,0.11,0.11,4.888888889,75.00568053,1.2,60,10.69,0,100000,305,1,293.15,86.5711,26.6
100100000,31.304,493,8,1000,18,54.1,1.6,2.11,0.092,0.17,3.963963964,77.66950873,1.5,65,11.69,0,100000,230,1,293.15,73.8189,34.5
110000000,31.4,490,4.3,1000,18,79.8977309,1.597954618,0.399488655,0.798977309,0.11,3.906111289,97.85254815,1.1,55.58713804,12,159.32557,101000,210,1,298.15,90.12,31
110010000,31.4,533.583815,4.750867052,1000,18,80.19246191,1.603849238,0.40096231,0.801924619,0.11,3.92052036,97.84820031,1.1,55.49621718,12,159.81557,101000,250,1,298.15,86.72,33
110010000,31.4,572.5547445,5.154014599,1000,18,80.55421299,1.61108426,0.402771065,0.80554213,0.11,3.938205968,97.84288348,1.1,55.38502722,12,161.16038,101000,265,1,298.15,83.92,36
110010000,31.4,607.6083189,5.516637782,1000,18,80.88651622,1.617730324,0.404432581,0.808865162,0.11,3.954451904,97.83801845,1.1,55.28328042,12,161.64038,101000,275,1,298.15,75.71,38
110010000,31.4,668.1102362,6.142519685,1000,18,81.55941603,1.631188321,0.40779708,0.81559416,0.11,3.987349228,97.82822225,1.1,55.07838821,12,153.90038,101000,290,1,298.15,50.04,41
110000000,31.4,490,4.3,1000,18,68.99406651,1.37988133,2.069821995,1.207396164,0.11,3.373043252,98.05757524,1.2,59.17367519,10,336,100000,48,1,298.15,92.98,21.6
100010000,31.4,211,2,1000,18,83.85111396,1.677022279,0.41925557,1.467394494,0.11,4.099387794,97.81266576,1.1,54.39183796,10,336,100000,20,1,298.15,57.08,48.02
100010000,31.4,495,6,1000,18,84.43449994,1.688689999,0.4221725,1.477603749,0.11,4.127908886,97.80457198,1.3,54.21979078,10,336,100000,103,1,298.15,79.97,34.52
110010000,31.5,1365.168399,2.667359667,1001,92.15757326,66.22516556,20.86092715,1.490066225,0.662251656,0.083333333,22.29580574,89.53638954,1.1,65.15679443,20,9.87152,100000,594,1,298.15,70.3845,34.5
110010000,31.5,1362.050297,2.844504543,1001,90.5525346,66.22516556,20.86092715,1.490066225,0.662251656,0.083333333,22.29580574,89.50376721,1.1,65.03496503,15,58.30595,100000,377,1,298.15,87.694,22.6
110010000,31.5,1358.9202,3.022330901,1001,90.774712,66.66666667,21,1.5,0.666666667,0.083333333,22.44444444,89.47094084,1.1,64.9122807,20,19.13633,100000,422,1,298.15,87.4536,23
110010000,31.5,1326.94395,4.838958165,1001,87.39856051,68.02721088,21.42857143,1.530612245,0.680272109,0.083333333,22.90249433,89.23527844,1.1,64.02877698,20,24.71,100000,400,1,298.15,88.8415,23.5
100100001,31.4095,221.4,3.687113522,1001,48.28266667,100,22,2,4,0.11,24.84,89.10526316,1,50,15,96,11000,115,2,297.55,83.6187,29
100100001,31.316,235.8,3.580280767,1001,48.28266667,100,22,2,4,0.11,24.84,89.10526316,1,50,15,96,11000,418,2,298.95,80.8835,30
100100001,31.3135,253.7,3.372943377,1001,48.28266667,100,22,2,4,0.11,24.84,89.10526316,1,50,15,96,11000,876,2,298.85,81.7327,30
100100001,31.397,221.4,3.976958586,1001,49.08244898,100,24,2,4,0.11,26.84,88.33043478,1,50,15,96,11000,115,2,297.3,83.702,29
100100001,31.2255,235.8,3.957964486,1001,49.60153846,100,26,2,4,0.11,28.84,87.56896552,1,50,15,96,11000,418,2,299.15,77.482,32
100100001,31.1365,253.7,3.707093296,1001,50.20714286,100,28,2,4,0.11,30.84,86.82051282,1,50,15,96,11000,876,2,298.89,70.7798,34
110000000,31.4,490,4.3,1000,18,68.99406651,1.37988133,2.069821995,1.207396164,0.111111111,3.339312819,98.07699948,1.2,59.17367519,15,336,100000,76.715,1,298.15,92.3482,21.6
110010000,31.4,447.260274,4.58790321,1000,18,76.10350076,1.522070015,2.283105023,1.331811263,0.111111111,3.683409437,97.96766744,1.26,56.78478825,15,336,100000,127.404,1,298.15,91.2102,22
110010000,31.4,393.0051813,4.522711396,1000,18,84.83922966,1.696784593,2.54517689,1.484686519,0.111111111,4.106218716,97.84524976,1.28,54.10106945,15,336,100000,153.207,1,298.15,90.7471,22.6
110010000,31.4,360,4.583424218,1000,18,90.0090009,1.800180018,2.700270027,1.575157516,0.111111111,4.356435644,97.77828781,1.3,52.62908574,15,336,100000,159.471,1,298.15,89.6287,23.2
110000000,32.5,380,5.554238882,1000,18,34.92717684,1.746358842,1.746358842,1.32723272,0.277777778,4.268877169,96.94528449,1.1,74.11405348,7,105.44038,101000,215.7,1,293.15,93.2,34.99
110100000,32.5,370.3490799,5.700852795,1000,18,35.97122302,1.798561151,1.798561151,1.366906475,0.277777778,4.396482814,96.88049458,1.1,73.54497354,7,98.81342,101000,356.712,1,293.15,41.638,36.02
110100000,32.5,359.816772,5.644912469,1000,18,37.08098487,1.854049244,1.854049244,1.409077425,0.277777778,4.532120373,96.81281365,1.1,72.94957801,7,99.0038,101000,364.152,1,293.15,28.836,35.99
110100000,32.5,348.2765573,5.585563575,1000,18,38.25993802,1.912996901,1.912996901,1.453877645,0.277777778,4.676214647,96.7422176,1.1,72.32753134,7,80.38304,101000,328.805,1,293.15,51.7,35.9
110100000,32.5,335.5764855,5.453735094,1000,18,39.51788184,1.975894092,1.975894092,1.50167951,0.277777778,4.829963336,96.6683325,1.1,71.67540008,7,83.35823,101000,354.949,1,293.15,28.123,35.62
110100000,32.5,321.5324459,5.341099558,1000,18,40.85968783,2.042984392,2.042984392,1.552668138,0.277777778,4.993961846,96.59111334,1.1,70.99263213,7,86.14747,101000,351,1,293.15,18.1,35.24
110000000,32.5,450,5.452179973,1000,18,30.23431595,1.511715797,1.511715797,1.148904006,0.277777778,3.695305283,97.25065297,1.1,76.78467789,7,104.10557,101000,318.5,1,293.15,95.2,34.03
110100000,32.5,438.1505502,5.612058322,1000,18,31.44654088,1.572327044,1.572327044,1.194968553,0.277777778,3.843466108,97.16947146,1.1,76.07655502,7,79.00747,101000,353.943,1,293.15,66.059,35.52
110100000,32.5,424.9584364,5.70544719,1000,18,32.76110601,1.638055301,1.638055301,1.244922029,0.277777778,4.00413518,97.0832803,1.1,75.32326523,7,75.30785,101000,350.943,1,293.15,60.5452,35.96
110100000,32.5,410.1817467,5.650767719,1000,18,34.19037199,1.7095186,1.7095186,1.299234136,0.277777778,4.178823243,96.99167514,1.1,74.5209947,7,84.75304,101000,291.091,1,293.15,58.5,35.9
110100000,32.5,393.5167411,5.693340196,1000,18,35.75003575,1.787501788,1.787501788,1.358501359,0.277777778,4.369448814,96.89412934,1.1,73.66480565,7,98.71823,101000,355.359,1,293.15,45.555,36.18
110100000,32.5,374.5767511,5.554859947,1000,18,37.45879533,1.872939766,1.872939766,1.423434222,0.277777778,4.578297206,96.79004564,1.1,72.74907347,7,96.27266,101000,372,1,293.15,9,35.9
110000000,32.5,380,5.565035406,1000,18,34.92717684,1.746358842,1.746358842,1.32723272,0.277777778,4.268877169,96.94528449,1.1,74.11405348,7,102.25557,101000,215.7,1,323.15,93.2,37.55
110100000,32.5,370.3490799,5.710852795,1000,18,35.97122302,1.798561151,1.798561151,1.366906475,0.277777778,4.396482814,96.88049458,1.1,73.54497354,7,92.58342,101000,350.268,1,323.15,44.172,38.89
110100000,32.5,359.816772,5.654912469,1000,18,37.08098487,1.854049244,1.854049244,1.409077425,0.277777778,4.532120373,96.81281365,1.1,72.94957801,7,92.7738,101000,359.633,1,323.15,31.344,39.66
110100000,32.5,348.2765573,5.626988772,1000,18,38.25993802,1.912996901,1.912996901,1.453877645,0.277777778,4.676214647,96.7422176,1.1,72.32753134,7,72.80823,101000,337.581,1,323.15,51.7,40.01
110100000,32.5,335.5764855,5.487750846,1000,18,39.51788184,1.975894092,1.975894092,1.50167951,0.277777778,4.829963336,96.6683325,1.1,71.67540008,7,74.24823,101000,357.876,1,323.15,29.403,40.04
110100000,32.5,321.5324459,5.368972668,1000,18,40.85968783,2.042984392,2.042984392,1.552668138,0.277777778,4.993961846,96.59111334,1.1,70.99263213,7,79.98747,101000,351,1,323.15,18.1,40.07
110000000,32.5,450,5.474851631,1000,18,30.23431595,1.511715797,1.511715797,1.148904006,0.277777778,3.695305283,97.25065297,1.1,76.78467789,7,98.50076,101000,318.5,1,323.15,95.2,36.71
110100000,32.5,438.1505502,5.622058322,1000,18,31.44654088,1.572327044,1.572327044,1.194968553,0.277777778,3.843466108,97.16947146,1.1,76.07655502,7,72.77747,101000,346.466,1,323.15,63.2769,39.2
110100000,32.5,424.9584364,5.739462943,1000,18,32.76110601,1.638055301,1.638055301,1.244922029,0.277777778,4.00413518,97.0832803,1.1,75.32326523,7,69.07785,101000,348.805,1,323.15,57.8158,39.85
110100000,32.5,410.1817467,5.693522641,1000,18,34.19037199,1.7095186,1.7095186,1.299234136,0.277777778,4.178823243,96.99167514,1.1,74.5209947,7,78.61823,101000,302.385,1,323.15,58.5,40.22
110100000,32.5,393.5167411,5.727355948,1000,18,35.75003575,1.787501788,1.787501788,1.358501359,0.277777778,4.369448814,96.89412934,1.1,73.66480565,7,92.48823,101000,357.187,1,323.15,43.044,40.57
110100000,32.5,374.5767511,5.582733057,1000,18,37.45879533,1.872939766,1.872939766,1.423434222,0.277777778,4.578297206,96.79004564,1.1,72.74907347,7,88.66266,101000,372,1,323.15,9,40.51
110000100,31,444.1441441,4.035116961,1000,18,54.64480874,0.273224044,2.18579235,2.18579235,0.027777778,0.667880996,99.57926946,0.8,64.66431095,10,47,100100,240.191,2,293.75,85.8023,40
110000100,31,444.1441441,4.060477149,1000,18,51.28205128,0.512820513,2.051282051,2.051282051,0.055555556,1.253561254,99.19325266,0.8,66.10169492,10,47,100100,246.08,2,293.67,86.3953,38
110000100,31,444.1441441,4.068929888,1000,18,48.30917874,0.724637681,1.93236715,1.93236715,0.083333333,1.771336554,98.83782356,0.8,67.4267101,10,47,100100,240.64,2,294.01,86.6411,37
110000100,31,444.1441441,4.082092703,1000,18,45.66210046,0.913242009,1.826484018,1.826484018,0.111111111,2.232369356,98.50948509,0.8,68.65203762,10,47,100100,230.585,2,293.14,87.9579,35
110000100,31,444.1441441,4.159014559,1000,18,43.29004329,1.082251082,1.731601732,1.731601732,0.138888889,2.645502646,98.20525371,0.8,69.78851964,10,47,100100,236.947,2,292.62,86.7771,34
110000100,31,442.081448,4.117092703,1000,18,45.87155963,0.917431193,1.834862385,1.834862385,0.111111111,2.242609582,98.50492695,0.8,68.55345912,10,47,100100,235.582,2,292.69,87.7979,34
110000100,31,444.1441441,4.082092703,1000,18,45.66210046,0.913242009,1.826484018,1.826484018,0.111111111,2.232369356,98.50948509,0.8,68.65203762,10,47,100100,230.585,2,293.14,87.9579,35
110000100,31,446.1883408,4.117092703,1000,18,45.45454545,0.909090909,1.818181818,1.818181818,0.111111111,2.222222222,98.51401554,0.8,68.75,10,47,100100,231.865,2,292.71,87.7181,33
110000100,31,448.2142857,4.115584032,1000,18,45.45454545,0.909090909,1.818181818,1.818181818,0.111111111,2.222222222,98.51401554,0.8,68.75,10,47,100100,227.155,2,292.7,86.8401,32
110000000,31,430.9836066,3.681967213,1000,18,57.7700751,2.021952629,0.866551127,0.866551127,0.194444444,4.94255087,96.94007312,1.1,63.38337605,7.03,17.28,100000,210.267,1,283.15,94.3,22.5
110010000,31,354.0909091,3.870909091,1000,18,71.8907261,2.228612509,1.078360891,1.078360891,0.172222222,5.447719466,96.90955229,1.1,58.17649519,5.57,27.9,100000,227.215,1,283.15,94,23.5
110010000,31,381.3326886,3.147311412,1000,18,60.16847172,2.466907341,0.902527076,0.902527076,0.227777778,6.030217944,96.33288612,1.1,62.43425995,6.49,29.28,100000,277.089,1,283.15,87.2,23.4
110010000,31,423.2311558,2.60798995,1000,18,59.52380952,1.964285714,0.892857143,0.892857143,0.183333333,4.801587302,97.05918095,1.1,62.68656716,5.89,20.15,100000,218.088,1,283.15,93,24.5
110000010,31,450,3,1000,18,56.49717514,0.225988701,1.186440678,0.225988701,0.022222222,0.552416824,99.65800008,1.05,63.89891697,30,48,100000,150,3,297.38,96.3,50.6
110000010,31,450,3,1000,18,55.55555556,0.333333333,1.166666667,0.222222222,0.033333333,0.814814815,99.49267843,1.05,64.28571429,30,48,100000,155,3,297.23,96.1,46.2
110000010,31,450,3,1000,18,54.64480874,0.43715847,1.147540984,0.218579235,0.044444444,1.068609593,99.33097655,1.05,64.66431095,30,48,100000,180,3,295.67,95.1,42.5
110000010,31,450,3,1000,18,53.47593583,0.534759358,1.122994652,0.213903743,0.055555556,1.307189542,99.1755668,1.05,65.15679443,30,48,100000,206,3,294.72,94,41.1
110000010,31,450,3,1000,18,52.63157895,0.631578947,1.105263158,0.210526316,0.066666667,1.543859649,99.02124347,1.05,65.51724138,30,48,100000,253,3,294.91,93.1,40.9
110000010,31,450,3,1000,18,51.8134715,0.725388601,1.088082902,0.207253886,0.077777778,1.773172136,98.87018084,1.05,65.87030717,30,48,100000,254,3,294.26,92.8,39.8
1010000000,30.8,440,3,0,0,84.74576271,0,1.694915254,0.423728814,0,0,100,1.1,54.12844037,10,1128,100000,367,0,289.5,87.6795,29
110000000,30.8,440,3,1000,18,84.03361345,0.084033613,1.680672269,0.420168067,0.005555556,0.031071252,99.98331463,1.1,54.33789954,10,1128,100000,233,0,288.9,91.2812,22
110000000,30.8,440,3,1000,18,81.96721311,0.245901639,1.639344262,0.409836066,0.016666667,0.088685837,99.95186979,1.1,54.95495495,10,1128,100000,255,0,289.17,91.1432,23
110000000,30.8,440,3,1000,18,74.62686567,0.746268657,1.492537313,0.373134328,0.055555556,0.24504344,99.86174391,1.1,57.26495726,10,1128,100000,302,0,289,90.2535,25
110000000,30.8,440,3,1000,18,69.93006993,1.048951049,1.398601399,0.34965035,0.083333333,0.322754169,99.81314232,1.1,58.84773663,10,1128,100000,353,0,288.665,89.9519,26
110000000,30.8,440,3,1000,18,59.88023952,1.796407186,1.19760479,0.299401198,0.166666667,0.473304887,99.70993792,1.1,62.54681648,10,1128,100000,488,0,287.265,87.2108,27
100100000,32.8,712,3.8,1000,18,60.60606061,1.212121212,3.03030303,0.484848485,0.111111111,2.962962963,98.2078853,1,62.26415094,10.74,144,100000,122.5,1,293.15,76.1021,31
100100000,32.8,712,3.8,1000,18,51.28205128,1.538461538,2.564102564,0.41025641,0.166666667,3.760683761,97.58613123,1.1,66.10169492,10.26,144,100000,145.5,1,293.15,83.007,24.1
100100000,32.8,447,7.3,1000,18,50,1,2,0.8,0.111111111,2.444444444,98.4106343,1.9,66.66666667,10.89,144,100000,91,1,293.15,81.8956,23.5
100100000,32.8,447,7.3,1000,18,47.61904762,1.428571429,1.904761905,0.714285714,0.166666667,3.492063492,97.69754055,1.9,67.74193548,10.43,144,100000,138,1,293.15,80.5246,27.2
100100000,32.8,677,5.6,1000,18,47.61904762,0.952380952,1.904761905,0.857142857,0.111111111,2.328042328,98.46164604,1.3,67.74193548,10.9,144,100000,73.5,1,293.15,81.5242,23.2
100100000,32.8,677,5.6,1000,18,43.47826087,1.304347826,1.739130435,0.782608696,0.166666667,3.188405797,97.83549784,1.3,69.6969697,10.44,144,100000,110.5,1,293.15,81.0467,23.6
100100000,32.8,428,8,1000,18,58.82352941,1.176470588,2.352941176,1.176470588,0.111111111,2.875816993,98.24140687,1.6,62.96296296,10.91,144,100000,78,1,293.15,84.2845,24.7
100100000,32.8,428,8,1000,18,54.05405405,1.621621622,2.162162162,1.081081081,0.166666667,3.963963964,97.50566893,1.7,64.9122807,10.87,144,100000,110,1,293.15,84.7345,23.2
100100000,32.8,718,4.6,1000,18,47.61904762,0.952380952,2.380952381,0.761904762,0.111111111,2.328042328,98.46550882,1.2,67.74193548,10.64,144,100000,232,1,293.15,78.7796,28.5
100100000,32.8,718,4.6,1000,18,43.47826087,1.304347826,1.739130435,0.565217391,0.166666667,3.188405797,97.83229875,1.3,69.6969697,10.62,144,100000,121.5,1,293.15,81.1126,22.3
100100000,32.8,444,7.6,1000,18,55.55555556,1.111111111,2.777777778,0.722222222,0.111111111,2.716049383,98.30423556,1.7,64.28571429,10.78,144,100000,176,1,293.15,83.8732,24
100100000,32.8,444,7.6,1000,18,52.63157895,1.578947368,2.631578947,0.684210526,0.166666667,3.859649123,97.54983851,1.7,65.51724138,10.84,144,100000,114.5,1,293.15,81.4081,27.7
110000000,31,405,6,1000,18,73.69196758,2.505526898,1.105379514,1.179071481,0.188888889,6.124621305,96.56849252,1.1,57.57318625,5,48,100000,194.11,1,283.15,91.5,24.09
110000000,31,405,6,1000,18,80.58017728,1.611603546,1.208702659,1.289282836,0.111111111,3.939475334,97.86697692,1.1,55.37706381,5,48,100000,180.685,1,283.15,92,25.26
110000000,31,405,6,1000,18,83.61204013,1.212374582,1.254180602,1.337792642,0.080555556,2.963582311,98.41871762,1.1,54.46265938,5,48,100000,193.254,1,283.15,94.5,26.37
110000000,31,405,6,1000,18,85.68980291,0.942587832,1.285347044,1.371036847,0.061111111,2.304103589,98.78275741,1.1,53.85325335,5,48,100000,213.825,1,283.15,93.1,28.15
110000000,31,405,6,1000,18,87.10801394,0.757839721,1.306620209,1.393728223,0.048333333,1.852497096,99.0278984,1.1,53.44506518,5,48,100000,226.578,1,283.15,93.7,30.23
100010000,31,416,2,1000,18,73.42143906,2.276064611,1.101321586,0.367107195,0.172222222,5.563713493,96.85960308,1.1,57.66299746,5,48,100000,269.211,1,283.15,20.4,37.01
100010000,31,416,2,1000,18,80.51529791,1.328502415,1.207729469,0.40257649,0.091666667,3.247450349,98.22982957,1.1,55.39696699,5,48,100000,264.406,1,283.15,15.9,38.79
100010000,31,416,2,1000,18,84.10428932,0.849453322,1.26156434,0.420521447,0.056111111,2.076441454,98.88743685,1.1,54.31703974,5,48,100000,264.088,1,283.15,19.5,39.74
100010000,31,416,2,1000,18,85.2514919,0.699062234,1.278772379,0.42625746,0.045555556,1.708818793,99.08938559,1.1,53.98067188,5,48,100000,260.738,1,283.15,34.5,40.45
100010000,31,416,2,1000,18,86.50519031,0.527681661,1.297577855,0.432525952,0.033888889,1.289888504,99.31666234,1.1,53.61781076,5,48,100000,267.298,1,283.15,53.9,42.3
