Feature,Seed,Fold,R²,MAE,MSE,RMSE,RSE
AD,0,1,0.764514180822027,0.0524658789484758,0.005758402509068335,0.07588413871863035,0.48526881125616655
AD,0,2,0.7306189701896264,0.06354286211453179,0.009149275013129317,0.09565184270639703,0.5190192961830742
AD,0,3,0.7415983726759376,0.056683892799226664,0.008545731866762815,0.0924431277422114,0.5083322017382553
AD,1,1,0.8434413198697418,0.048324810807110014,0.00481707629333793,0.06940516042296804,0.3956749677832276
AD,1,2,0.815470094826995,0.04851262645910378,0.005882560211090281,0.0766978501073549,0.42956944161916943
AD,1,3,0.8226524357931506,0.04761322966407529,0.005064834614958997,0.07116765146440479,0.4211265417981268
AD,2,1,0.7754700021598651,0.05604312859565045,0.007509401681389164,0.08665680401093248,0.4738459642543502
AD,2,2,0.8642836835693688,0.042605397507749984,0.0033804078829945423,0.05814127520956642,0.3683969549692712
AD,2,3,0.7333691601964911,0.06094045346414408,0.00881309902076467,0.09387810724958547,0.5163630891180244
AD,3,1,0.7718934762606984,0.05290159965583844,0.006206970726268453,0.07878433046151026,0.47760498713822247
AD,3,2,0.7974656894719488,0.05597071926550074,0.007140072220309327,0.0844989480426196,0.4500381211942508
AD,3,3,0.8138738749594127,0.05007666582998154,0.005410998519729414,0.0735594896646885,0.4314233709948817
AD,4,1,0.7439301230763973,0.05366514994238833,0.007111160815290212,0.08432769898017028,0.5060334741137218
AD,4,2,0.8454331276724627,0.04605387823592001,0.004307493746159588,0.06563149964886973,0.39314993619169936
AD,4,3,0.8208370013504457,0.05467289018166149,0.00635791406831207,0.07973652907113571,0.4232765037768507
AD,5,1,0.842996237995772,0.04721389136498093,0.004418004155848882,0.06646806869353797,0.39623700231582115
AD,5,2,0.8597610589138835,0.04946190139088226,0.004849723478979822,0.06963995605239726,0.37448490101219895
AD,5,3,0.7706470354453392,0.051469308333496014,0.006547642026912599,0.08091750136350355,0.4789080961464954
AD,6,1,0.8212687813934914,0.05076986737535866,0.005697434584329977,0.07548135256028457,0.4227661512071522
AD,6,2,0.8482986839817025,0.04426860903295861,0.004103961824537098,0.06406217155652076,0.38948853130522015
AD,6,3,0.7610923407344002,0.052694112435726165,0.007703082828843176,0.08776720816365971,0.4887818115126623
AD,7,1,0.7678210165726413,0.05096543184455722,0.006085181494730647,0.07800757331650977,0.48184954438845184
AD,7,2,0.8200058782761659,0.05097817842324766,0.005531760504924511,0.07437580591109257,0.424257141040471
AD,7,3,0.7977092030949244,0.05643299503742783,0.006779105673733442,0.08233532458023982,0.44976749205014316
AD,8,1,0.7140058212570108,0.057188449406245456,0.007478205952745192,0.0864766208448572,0.5347842356904223
AD,8,2,0.8366754482003641,0.047900748704041374,0.005491090070131817,0.07410188978785776,0.40413432395632504
AD,8,3,0.7964572501562932,0.05353168961597635,0.006463652810445548,0.0803968457742314,0.45115712323281215
AD,9,1,0.8766444020214479,0.04621092422485124,0.003962730832640949,0.06295022504043134,0.351220155996993
AD,9,2,0.7799921709995034,0.06044292265100263,0.007971713414277569,0.08928445225389227,0.4690499216506668
AD,9,3,0.8329973062442969,0.041530228894799334,0.0038521204270050456,0.06206545276564931,0.4086596306900195
AD,10,1,0.7606704007330957,0.05790131999446487,0.007962724553036885,0.08923409972110934,0.48921324518751974
AD,10,2,0.8233196505325087,0.044699032221060614,0.004684217891808979,0.06844134636174963,0.42033361686580745
AD,10,3,0.8455417772130298,0.04627675051374192,0.004670822672050797,0.06834341718154571,0.3930117336504983
AD,11,1,0.8290104382708585,0.052362302709290404,0.005313170221230923,0.07289149622027884,0.41350884117409326
AD,11,2,0.7106835740074358,0.06141641712092405,0.008614112876458305,0.09281224529370198,0.5378814237288403
AD,11,3,0.6052695564131374,0.07076314451021569,0.011549593975088137,0.10746903728557419,0.6282757703324733
AD,12,1,0.8037090346742646,0.056997439144415366,0.006455751558496773,0.0803476916811975,0.44304736239564213
AD,12,2,0.8370551941866505,0.04915253363910477,0.005474399876983978,0.0739891875680763,0.40366422409392366
AD,12,3,0.7635949875850225,0.05050601242601341,0.005787277080768374,0.07607415514330984,0.4862149857984402
AD,13,1,0.7909592024866534,0.049998697408708215,0.00620825940946376,0.07879250858719856,0.45720979595077205
AD,13,2,0.8096408741724219,0.04685785736326097,0.00468295195810957,0.06843209742591243,0.4363016454559599
AD,13,3,0.8125666238863252,0.060441602475798384,0.007000720133000473,0.08367030616055181,0.43293576441970566
AD,14,1,0.7951169214211073,0.04745576746985357,0.006066440045948315,0.07788735485268655,0.45264012038140483
AD,14,2,0.7888990632962298,0.06490806420003514,0.007613678461294189,0.08725639495930479,0.45945721966660846
AD,14,3,0.8209416865492647,0.04481811889396554,0.0046180140006233895,0.0679559710446653,0.42315282517163383
AD,15,1,0.7196234987921548,0.05550279793688087,0.0076942162077001,0.08771668146766669,0.529505902901795
AD,15,2,0.7250821555139184,0.06185956913295185,0.010113894177757316,0.10056785857199763,0.5243260860247958
AD,15,3,0.8032548145473875,0.051887436325919654,0.0052627020168475825,0.07254448302143715,0.4435596751876939
AD,16,1,0.7970528533737274,0.052986804218323066,0.005527278658225849,0.07434567007046106,0.4504965556208754
AD,16,2,0.8249863574995289,0.05172142265978005,0.006284821282478585,0.07927686473668459,0.4183463188561256
AD,16,3,0.7428124817787665,0.053960069847947566,0.007045018186206432,0.08393460660661031,0.5071365873423387
AD,17,1,0.8203975674139043,0.058191775153648644,0.006299189906784511,0.07936743606029183,0.42379527201951606
AD,17,2,0.83850662769431,0.04694913313154394,0.00419767844600407,0.06478949333035465,0.40186237980892175
AD,17,3,0.6576991063449584,0.06107602311829845,0.010317688156762615,0.1015760215639627,0.5850648627759503
AD,18,1,0.7763338922959073,0.06142454458678625,0.008506987707416537,0.09223333295190268,0.4729335129847457
AD,18,2,0.7435915620192004,0.051431644164810005,0.005918974519959161,0.07693487193697772,0.5063678879834301
AD,18,3,0.7975515683317491,0.049313595346727246,0.0059945157092476786,0.0774242578863219,0.4499426982052836
AD,19,1,0.7589767756283279,0.04952628538335582,0.006216122254062492,0.07884238868820814,0.4909411618225469
AD,19,2,0.8228656754499609,0.05572852851626931,0.005992700243184494,0.07741253285602076,0.4208732879977525
AD,19,3,0.7645201576294272,0.059683011626292415,0.0074888087949760524,0.08653790380507291,0.48526265297318405
AD,20,1,0.7921655146836519,0.05055053992580116,0.006074283350091864,0.07793768889370446,0.4558886764511136
AD,20,2,0.8348327831611679,0.04742288125912213,0.0046685751746061745,0.0683269725262738,0.4064076978095175
AD,20,3,0.7893678618227118,0.05707522830078147,0.0068621931661228455,0.08283835564593763,0.45894677052713667
AD,21,1,0.835049866665883,0.043057546993094546,0.004226971753533016,0.06501516556568179,0.4061405339708375
AD,21,2,0.8285136285085533,0.05497074275917919,0.006014635966279575,0.07755408413668216,0.4141091299300787
AD,21,3,0.6776426184812047,0.06309572144607281,0.009804609264901409,0.09901822693272895,0.5677652521234418
AD,22,1,0.7125114945488067,0.053246301999984466,0.006440598233180358,0.08025333783202016,0.5361795459090111
AD,22,2,0.8801162947595946,0.04486531659907402,0.004170120412495384,0.06457646949543916,0.3462422637986376
AD,22,3,0.7607379204711123,0.0579315724737497,0.008235434093057705,0.09074929252097619,0.4891442318262454
AD,23,1,0.8314251609772052,0.052576929023733183,0.00611483044619133,0.07819738132566416,0.4105786636234216
AD,23,2,0.7007539673013419,0.06166617752915503,0.008108057115524646,0.09004475062725559,0.5470338496826846
AD,23,3,0.8026896010622526,0.0491433727577443,0.005219342783152198,0.07224501908887697,0.44419635178347355
AD,24,1,0.8074653140347394,0.045588221712415666,0.004831767755704111,0.06951091824817243,0.4387877459151071
AD,24,2,0.8239797503231141,0.05222633904826326,0.0051702349741769155,0.07190434600340173,0.4195476727106062
AD,24,3,0.7930708989834687,0.05734544890687571,0.007338240369926126,0.08566352998753977,0.45489460429480943
AD,25,1,0.8470943586963873,0.04319585982181129,0.004696687357496192,0.06853238181689143,0.3910315093488155
AD,25,2,0.838383650306003,0.04562841883402944,0.0049485283421416785,0.0703457770028996,0.40201536002247096
AD,25,3,0.7395581025673974,0.05802158918111464,0.00787649547058963,0.08874962236871563,0.5103350834820223
AD,26,1,0.7770080963152755,0.0527065539132984,0.006850693894878877,0.08276891865234726,0.47222018559642764
AD,26,2,0.8160456039350212,0.0464524437339602,0.00498434761837127,0.0705999123113568,0.42889905113555415
AD,26,3,0.8571908052267776,0.050744215076581965,0.0047498139480458956,0.0689188939844938,0.37790103833308325
AD,27,1,0.8104135022049135,0.05160886775376998,0.006152471781716237,0.07843769362823105,0.43541531644521475
AD,27,2,0.7891307694531402,0.05242118196887047,0.006248879874631785,0.07904985689191212,0.45920499839054435
AD,27,3,0.8018716076462556,0.04898253475607256,0.005651316055196642,0.0751752356510882,0.4451161560241824
AD,28,1,0.788507340874774,0.05773663781397428,0.007191514647223957,0.08480279858132016,0.4598833103355959
AD,28,2,0.8146036853953176,0.04913790858410776,0.004847206589844561,0.06962188298117597,0.4305767232499713
AD,28,3,0.7733901248970426,0.05522306330160569,0.006905858501707282,0.08310149518334362,0.476035581761445
AD,29,1,0.8723534422635917,0.04380862400423784,0.0034493113393389116,0.05873083806092768,0.3572765843662418
AD,29,2,0.6887187329190895,0.06715228389488512,0.009828153253069119,0.09913704278961077,0.557925861634779
AD,29,3,0.823380534606699,0.04794463534441802,0.005772229075518107,0.07597518723582132,0.42026118711261096
AD,30,1,0.8605822464856492,0.04242542107039782,0.003769071316915654,0.061392762740535255,0.3733868684278423
AD,30,2,0.7859491686346897,0.05884142871208017,0.007417859334079432,0.08612699538518358,0.46265627777574825
AD,30,3,0.7966741844333353,0.04885078527689015,0.005982997966695181,0.07734984141351021,0.4509166392656904
AD,31,1,0.776235732173654,0.053212772064274945,0.007570283377020582,0.08700737541737816,0.47303727953127117
AD,31,2,0.7474122938507459,0.059684506620487486,0.007757933876535852,0.08807913417226496,0.5025810443592696
AD,31,3,0.8181770339565401,0.04728098480555301,0.004896161077020551,0.06997257374872351,0.42640704267572777
AD,32,1,0.8637619587070184,0.04789275389892983,0.004344422155736452,0.06591223069913847,0.36910437723357004
AD,32,2,0.7656645264584718,0.05926375786703862,0.007366802353322488,0.08583007837187664,0.4840820938038591
AD,32,3,0.8288011301563528,0.04515238502813432,0.004815407161282174,0.06939313482818149,0.4137618516050594
AD,33,1,0.8453056146359338,0.04728714208242187,0.005139269494485532,0.07168869851298412,0.3933120712158047
AD,33,2,0.7639015662435829,0.05521972817159411,0.0073030050608470995,0.08545762143218766,0.48589961283830757
AD,33,3,0.8182962218826488,0.05029845441416111,0.004870994055443865,0.06979250715831797,0.42626726137172577
AD,34,1,0.8027207819348692,0.05408578603155237,0.0065204640875165054,0.08074939063247788,0.4441612523229946
AD,34,2,0.7904425094170853,0.053494231241675086,0.0066328122029142705,0.08144207882240156,0.4577744975235238
AD,34,3,0.836021951194884,0.05006947170878024,0.004339124019607383,0.0658720275959939,0.40494203141328267
AD,35,1,0.7998612608220346,0.05051958178759888,0.005482631255196904,0.07404479222198483,0.44736868372514127
AD,35,2,0.7717726931609674,0.048839767716213615,0.006680968061421123,0.08173718897430424,0.47773141705254485
AD,35,3,0.8338058259498689,0.052096617988302216,0.0057903947287366985,0.07609464323286297,0.4076691968374986
AD,36,1,0.7056360654815317,0.07146566886985607,0.011133728629065656,0.10551648510572012,0.5425531628499353
AD,36,2,0.7713291674403484,0.051266010853427454,0.005444164054017428,0.07378457870054846,0.47819539161272934
AD,36,3,0.7494224632896836,0.05651143296562653,0.0072947667798061375,0.08540940685782883,0.5005772035463824
AD,37,1,0.800688831248318,0.050510970223442773,0.006221925290024302,0.07887918160087808,0.44644279448959856
AD,37,2,0.8579498158182473,0.04641018037742299,0.004294698957676312,0.06553395270908288,0.3768954552415733
AD,37,3,0.8272561276692328,0.05195916633138737,0.005192427370676374,0.07205849964214057,0.4156246772398953
AD,38,1,0.7747027091754297,0.06117560575182879,0.008027322848403594,0.08959532827331788,0.4746549176239199
AD,38,2,0.8996314219454243,0.04072414594292098,0.0029065751761910173,0.05391266248471705,0.31681000308477586
AD,38,3,0.6580301813487646,0.060808516267431834,0.009074446303236457,0.09525988821763574,0.5847818556104794
AD,39,1,0.8133272494330287,0.05615117604030559,0.006397521661320208,0.07998450888340947,0.4320564205829735
AD,39,2,0.8555401641537251,0.04791692620851805,0.004550213883817536,0.06745527320986504,0.3800787232222752
AD,39,3,0.7366747277556773,0.05262170046310575,0.006617282027394322,0.08134667803539566,0.5131522895245841
AD,40,1,0.82772823265351,0.04671242036669079,0.005680481122023888,0.07536896657128773,0.4150563423759357
AD,40,2,0.8563546793205892,0.04580484000804696,0.00392992460163275,0.06268911071017637,0.3790057000618999
AD,40,3,0.7741319555791641,0.056071126283742,0.007012848466727774,0.08374275172650929,0.47525576737251257
AD,41,1,0.8317691391625721,0.0503346548372262,0.00443022932115148,0.06655996785719988,0.4101595553408793
AD,41,2,0.7923842948298575,0.0581472557371765,0.007185080536698798,0.08476485437195536,0.45564866418123345
AD,41,3,0.7446784581056491,0.05088918962567499,0.007385754706677131,0.08594041369854541,0.5052935205346996
AD,42,1,0.8397676808486458,0.04228378335836236,0.0038812150001265797,0.06229939807194432,0.400290293601224
AD,42,2,0.8149232405602842,0.04837739661188109,0.005182547687679095,0.07198991379130201,0.43020548513438994
AD,42,3,0.7780319591576299,0.058895206027756095,0.008519244176426485,0.09229975176795702,0.4711348435876614
AD,43,1,0.793486399424253,0.04922557732130431,0.006170577759893441,0.07855302514794348,0.4544376751280058
AD,43,2,0.7289841759085354,0.06194100357707763,0.008102467673038285,0.0900137082506786,0.5205918017904859
AD,43,3,0.8023847376516073,0.052010941734711116,0.00617955912917932,0.07861017191928357,0.4445393822243342
AD,44,1,0.7563053055797135,0.056275618869855486,0.007275823330465469,0.08529843685827701,0.49365442813803107
AD,44,2,0.774708661073336,0.05305808692354455,0.007120650482203599,0.08438394682760222,0.4746486478719433
AD,44,3,0.8464749847596891,0.04756090187199397,0.004550155796395703,0.0674548426459932,0.3918226834172709
AD,45,1,0.8074634487045682,0.05538873894813868,0.00646676933175467,0.08041622555028724,0.4387898714594854
AD,45,2,0.7895085964662356,0.04913773776188049,0.005638281068154231,0.07508848825322181,0.45879342141509005
AD,45,3,0.8273227834011664,0.05304082834680597,0.005372147937761394,0.07329493800912443,0.41554448209407574
AD,46,1,0.7414562406775382,0.05835067312859581,0.008056516037158231,0.08975809733477104,0.5084719847960769
AD,46,2,0.845144737588021,0.044415043496705754,0.003852205940547261,0.06206614165990392,0.39351653384829843
AD,46,3,0.7970612450143173,0.057355570271191675,0.007200095155089681,0.0848533744472763,0.4504872417568368
AD,47,1,0.7560434242068487,0.059108113772415156,0.00931685582625847,0.09652386143466532,0.49391960458474543
AD,47,2,0.8511763381731097,0.04439248482954019,0.003781587945786817,0.06149461720985681,0.3857766994349068
AD,47,3,0.8342697918179791,0.04584142266371517,0.004625575124364902,0.06801158081065975,0.4070997521271916
AD,48,1,0.8427732696229344,0.043752553137762606,0.004740931155638573,0.06885442001526534,0.39651825982805083
AD,48,2,0.834741101834933,0.05272763820255231,0.005500341957226896,0.07416429031027598,0.40652047693205695
AD,48,3,0.7438752489672256,0.05461305772402619,0.006979989635779147,0.08354633227005927,0.5060876910504487
AD,49,1,0.8281052894921622,0.05056306726241492,0.005201426901019506,0.07212091860909361,0.4146018698798135
AD,49,2,0.8088296938236379,0.05052891526469875,0.005358796302315581,0.07320379978058231,0.4372302667661081
AD,49,3,0.7349309967267923,0.05917133838674926,0.008821812603230372,0.09392450480694786,0.5148485245906874
AD,50,1,0.8415866240656087,0.04672306434824449,0.004576985060763633,0.06765341869235902,0.3980117786377575
AD,50,2,0.7824044299184882,0.05992811544224072,0.007094085135855315,0.0842263921574189,0.466471403283751
AD,50,3,0.6862924177004125,0.05948051078406348,0.009153605434611096,0.09567447640102922,0.5600960473879346
AD,51,1,0.7851186196063866,0.0525107986850717,0.00622550971050808,0.07890189928327505,0.4635529963160775
AD,51,2,0.8577186175702557,0.045314229643973046,0.004567401747786237,0.06758255505517853,0.37720204457259277
AD,51,3,0.7235189916861313,0.05597920505939422,0.00825780289395035,0.09087245398882078,0.5258146140170209
AD,52,1,0.7746778657802542,0.04795478572508894,0.006192647260615921,0.0786933749474244,0.4746810868570031
AD,52,2,0.7735917944822943,0.05443636752925265,0.0066907022525936315,0.08179671296937079,0.47582371264755785
AD,52,3,0.8541838104467933,0.04918299453982372,0.00484146165686909,0.06958061265086052,0.3818588607760814
AD,53,1,0.8008097891315952,0.052019181247144386,0.006101204886412056,0.07811020987305088,0.4463073054168
AD,53,2,0.793823976293129,0.04967213699197792,0.005928619542315483,0.07699752945592139,0.4540661005920515
AD,53,3,0.8664466991552636,0.046392279185417634,0.004302116364283754,0.06559052038430366,0.365449450464406
AD,54,1,0.7915076435722459,0.05544939326634119,0.005681668256461476,0.07537684164557093,0.45660963242988434
AD,54,2,0.8020033981687529,0.047279003097606534,0.005433387370581048,0.07371151450473018,0.44496809080117994
AD,54,3,0.7620355969808884,0.058426252636362995,0.008629093753230063,0.09289291551690076,0.4878159519932816
AD,55,1,0.7822002535795292,0.05475618622110697,0.007912182194078203,0.08895044797008166,0.46669020390455046
AD,55,2,0.7252883184158778,0.057000005839839434,0.008238525268077715,0.09076632232319273,0.5241294511703404
AD,55,3,0.8298547318938857,0.04874381594893045,0.004209088770201931,0.06487749047398435,0.4124866883986855
AD,56,1,0.6994061637499461,0.05961930880700776,0.007560582265581569,0.08695160875786927,0.5482643853562383
AD,56,2,0.8631027328636106,0.042972388272562424,0.003985179247883657,0.06312827613584626,0.3699963069226359
AD,56,3,0.8043558445692898,0.057115730267755724,0.007148444738289605,0.08454847567099956,0.4423168043729632
AD,57,1,0.7662963236820559,0.0516521018043677,0.006544048893742137,0.08089529586905618,0.4834290809601178
AD,57,2,0.7669806470434719,0.058037732853056835,0.007777268386633659,0.08818882234520234,0.48272078156686826
AD,57,3,0.8543529141686268,0.04654411887315145,0.004353265035081718,0.06597927731554597,0.38163737478314824
AD,58,1,0.776078771671493,0.05624990300105925,0.007390034471755084,0.08596530969964038,0.47320315756396536
AD,58,2,0.7880837095557538,0.05081179232684149,0.006145760807111754,0.07839490294089121,0.460343665585013
AD,58,3,0.8240606817044007,0.049503224944535885,0.005043312221795122,0.07101628138529306,0.4194512108643855
AD,59,1,0.8265127340343139,0.04713996604691225,0.004630404653972684,0.06804707674817989,0.4165180259792919
AD,59,2,0.8135753209785492,0.05567753780236157,0.006733648840645967,0.08205881330269142,0.431769242792317
AD,59,3,0.784885761434011,0.05360626022926629,0.0059139990505121965,0.07690252954560205,0.4638040950293443
AD,60,1,0.769278850009386,0.05375757362580625,0.007504701680461916,0.08662968129031709,0.4803344147472821
AD,60,2,0.8128517767470754,0.05629501710235049,0.005931963037903964,0.07701923810259333,0.4326063143932652
AD,60,3,0.7385519054780909,0.056360267922341355,0.006880234318142854,0.08294717787931578,0.5113199531818694
AD,61,1,0.7965925475571672,0.05496069864430029,0.006456908961254403,0.0803548938226814,0.45100715342756237
AD,61,2,0.6627978817716471,0.06206152332896836,0.009015928060674241,0.09495224094603687,0.5806910695269498
AD,61,3,0.8837583921890807,0.04324032718888591,0.003846256606189588,0.06201819576696494,0.34094223529935286
AD,62,1,0.8030649863927599,0.05515155409213979,0.006098412531722226,0.07809233337352794,0.44377360625350404
AD,62,2,0.8791897184228352,0.04490807733028195,0.003980653429169054,0.06309241974412659,0.3475777345820138
AD,62,3,0.7598821064537213,0.05177245839311059,0.006408725089028785,0.0800545132333511,0.49001825838052054
AD,63,1,0.7094040456651728,0.05826016241585563,0.008379377550563252,0.0915389400777792,0.5390695264386842
AD,63,2,0.8803272356169867,0.04465907171685017,0.003974738694055117,0.06304552873959514,0.3459375151425664
AD,63,3,0.7560941994684639,0.05775307680922488,0.0071837803264503735,0.08475718451229002,0.4938682015796685
AD,64,1,0.7342513500428556,0.06295272643510405,0.009213388133402617,0.09598639556417678,0.51550814732373
AD,64,2,0.8233476997968852,0.048140299489677345,0.00494691434341963,0.07033430417242804,0.4203002500631124
AD,64,3,0.8097961323115735,0.05044121328451585,0.005419927895919775,0.07362015957548432,0.43612368393430145
AD,65,1,0.830913971515679,0.05197807304104132,0.00601466157722188,0.07755424925316394,0.4112007155688338
AD,65,2,0.8809174754351724,0.042411840239356714,0.0032813297148177687,0.057282891990696215,0.3450833588639527
AD,65,3,0.7295814542491006,0.054765910254236494,0.007524349107441938,0.086743006101022,0.5200178321470327
AD,66,1,0.7132696778259906,0.06381743301553754,0.009335212243291882,0.09661890210146191,0.5354720554557534
AD,66,2,0.8510769540384643,0.0452440347210696,0.003991522303613579,0.0631784955789039,0.3859054883796494
AD,66,3,0.8485836802187708,0.04866124177024573,0.004761084058043073,0.0690006091135656,0.3891224997108612
AD,67,1,0.7525256889455022,0.06769613835672751,0.010013650284853771,0.10006822814886737,0.4974678995216654
AD,67,2,0.6485294671313402,0.06945711036310213,0.010728607614943497,0.10357899215064557,0.5928495027143564
AD,67,3,0.8420173127794814,0.04297535921311578,0.0031560479243538113,0.0561787141571771,0.39747036017861587
AD,68,1,0.8197883392373918,0.048118272562149914,0.0051866440296703285,0.07201835897651604,0.4245134400258821
AD,68,2,0.8479311598237574,0.04892831537046524,0.004923860009071685,0.070170221668965,0.38996004946179114
AD,68,3,0.7133869486594799,0.05975548150391088,0.008550122019375913,0.09246686984739946,0.5353625419662082
AD,69,1,0.8227770146179326,0.055182574763625813,0.006174743378533017,0.07857953536725079,0.4209786044231552
AD,69,2,0.7564112409720971,0.051431193259332604,0.006478859990361623,0.08049136593673649,0.4935471193593403
AD,69,3,0.7638509007245753,0.05651222143770189,0.00707120488199042,0.08409045654526096,0.4859517458302056
AD,70,1,0.7519425428498173,0.05858620323242444,0.007884973460307422,0.08879737304846029,0.4980536689456094
AD,70,2,0.8433532456705142,0.04331086438219699,0.0037962184468036194,0.06161345994832314,0.39578624828243564
AD,70,3,0.7367037782169166,0.06368532874271247,0.009225450856201625,0.0960492105964522,0.5131239828570512
AD,71,1,0.7549902362583542,0.059342995983477594,0.007452964170845099,0.08633055178119214,0.4949846096007893
AD,71,2,0.8066095735725587,0.05152428328379109,0.005797765317153363,0.07614305823352095,0.43976178372778285
AD,71,3,0.8349660879436345,0.046302321628313235,0.0051255798809201674,0.07159315526585043,0.40624366094299313
AD,72,1,0.8434974818238543,0.04237183075349376,0.003732680535690843,0.06109566707787749,0.39560399160795334
AD,72,2,0.7444965965636059,0.0709724024785694,0.010375965600883467,0.10186248377535012,0.5054734448379995
AD,72,3,0.7977548344599921,0.05104134856031474,0.005398511703121187,0.07347456500804334,0.44971676146215395
AD,73,1,0.8015148942225678,0.0537577683706313,0.005515127293800395,0.07426390303371076,0.4455166728388873
AD,73,2,0.8247164257008104,0.04934634796655913,0.005963556265466703,0.07722406532595072,0.41866881218833296
AD,73,3,0.7724350055453634,0.05079577990536777,0.006703807398906028,0.08187678180599203,0.47703772854422805
AD,74,1,0.8137637260889918,0.05471727834872662,0.005901805963054311,0.07682321239738879,0.4315510096280719
AD,74,2,0.8299418953498103,0.04592932004339658,0.00478692119716452,0.06918757978976083,0.4123810187801927
AD,74,3,0.7310176934811308,0.055040951656316686,0.00809926084216041,0.08999589347387141,0.5186350417382817
AD,75,1,0.7638507428284321,0.06342860551071508,0.008688315452556888,0.09321113373710722,0.4859519082909006
AD,75,2,0.806407404135385,0.04834245216265445,0.005248217236423847,0.07244458044894626,0.43999158612934286
AD,75,3,0.8085233786065819,0.04950972552080093,0.005170532765404724,0.07190641671926591,0.437580417058874
AD,76,1,0.6722972222964563,0.06625479758942678,0.009482180857334198,0.09737649027015811,0.5724532973994855
AD,76,2,0.8366245938265625,0.04686746010007339,0.005023294937565069,0.07087520679028082,0.4041972367216746
AD,76,3,0.8247335257022846,0.050021852420508675,0.005518155982907061,0.07428429162957038,0.41864838981861063
AD,77,1,0.8227584534348396,0.05035199411351169,0.005954625001280664,0.07716621670964997,0.42100064912676854
AD,77,2,0.6704774733936727,0.05944820860465855,0.008493634102818629,0.09216091418176486,0.5740405269720312
AD,77,3,0.8179805135881401,0.052347860048424684,0.005864144975374969,0.07657770547212138,0.4266374179697087
AD,78,1,0.7558642496368837,0.06346063942370457,0.007864426586721976,0.08868160230127767,0.49410095159098444
AD,78,2,0.8106140821611791,0.052474924208094874,0.005783004058252603,0.07604606536996246,0.43518492372647843
AD,78,3,0.6449081934929898,0.06252969861141314,0.010107984387931743,0.1005384721782251,0.5958958017195709
AD,79,1,0.7646757552438346,0.05502585506243639,0.006414362709800684,0.08008971662954417,0.4851023033919396
AD,79,2,0.7268168919940878,0.06669225086639578,0.010023683817263342,0.10011834905382401,0.5226692147103291
AD,79,3,0.7117296342340469,0.058130764877615905,0.007048944125202932,0.08395799024037517,0.5369081539387841
AD,80,1,0.8147359261759197,0.05233104252127673,0.005717454431112922,0.0756138507888133,0.4304231334676149
AD,80,2,0.6030371191491666,0.06735408616734222,0.011226956931657903,0.10595733543109653,0.6300499034606968
AD,80,3,0.8411596155473219,0.05092892213139032,0.0049419369104871935,0.07029891116146247,0.3985478446217946
AD,81,1,0.7103677974925089,0.06246412557168497,0.009193204613612857,0.09588120052238007,0.5381748809703879
AD,81,2,0.7514734785028266,0.057773179100530654,0.007095425584072355,0.0842343491936179,0.4985243439363552
AD,81,3,0.7793730382710242,0.054766277264682216,0.00688983031926295,0.08300500177256158,0.4697094439427163
AD,82,1,0.7839980809367804,0.04564442455671603,0.005023671719860485,0.070877864808842,0.46476006612360704
AD,82,2,0.8079809011787643,0.0491615634092204,0.005386172883870384,0.07339055037176369,0.43819983891055425
AD,82,3,0.7699116223169133,0.06708358232926276,0.009066906168186114,0.09522030334012864,0.4796752835857677
AD,83,1,0.793750577749828,0.05093816976414607,0.0055225231293689805,0.0743136806339787,0.45414691703255233
AD,83,2,0.8539639829242507,0.043129111438446416,0.0047826462939100835,0.06915667931523378,0.38214659108220417
AD,83,3,0.8115275415838298,0.052518951039495984,0.00602272432786703,0.07760621320401498,0.4341341479498822
AD,84,1,0.8313640062914014,0.05070169801000928,0.005334434919222216,0.07303721598761974,0.410653130645072
AD,84,2,0.835652935465161,0.04696156462374828,0.004391561115751395,0.06626885479432548,0.405397415550271
AD,84,3,0.807315738835043,0.047490448323016805,0.006371412504971053,0.07982112818653375,0.4389581542299413
AD,85,1,0.754932243765877,0.05501761411171376,0.006653563375620455,0.08156937768317504,0.4950431862313863
AD,85,2,0.9085828632138591,0.04083056825111291,0.0030017752219774507,0.054788458839224986,0.30235266955352136
AD,85,3,0.7610705779356987,0.05748632297412338,0.007469303038879414,0.08642512967233207,0.488804073289392
AD,86,1,0.8082108382854056,0.0505443315269738,0.005325496245390453,0.07297599773480629,0.43793739474335186
AD,86,2,0.7204505569510717,0.05842819255408008,0.00832330480159995,0.09123214785151093,0.5287243545070799
AD,86,3,0.8563459563204898,0.047216319622150324,0.004839282134024695,0.06956494903343706,0.37901720762982544
AD,87,1,0.8043679122455881,0.058422157328646425,0.007301777153868405,0.08545043682666816,0.44230316272259673
AD,87,2,0.7569462093775494,0.055840526744660224,0.006307795013876025,0.07942162812405715,0.49300485861951765
AD,87,3,0.8183562774686419,0.04858915567683679,0.004969440802011774,0.07049426077356775,0.4261968119676144
AD,88,1,0.863813504248963,0.04236116319663813,0.004002198955489941,0.06326293508437575,0.36903454547106695
AD,88,2,0.7557278132232845,0.053347431385506155,0.006255712598735857,0.07909306289894112,0.49423899762838974
AD,88,3,0.780859176407892,0.05993825826400129,0.007966155046969322,0.08925331952913192,0.4681247948913921
AD,89,1,0.5033777964470014,0.06818293405605272,0.015712766682380756,0.12535057511786996,0.7047142708594729
AD,89,2,0.7671239022332722,0.05226943783928922,0.006163311583656698,0.07850676138815496,0.4825723756771908
AD,89,3,0.7432001245878592,0.060850242431943535,0.00815615729042639,0.09031144606541515,0.5067542554455174
AD,90,1,0.8181485657352494,0.057818706487946236,0.00641660522581926,0.0801037154308042,0.4264404228784493
AD,90,2,0.7391097147360834,0.05890971035430237,0.008016916441658162,0.0895372349453464,0.5107742018386564
AD,90,3,0.7788411200372768,0.05044932649901038,0.005541047153547275,0.07443821030591262,0.4702753235740986
AD,91,1,0.8517442874015921,0.04929979795122409,0.005172919582185005,0.07192301149274136,0.3850398844255072
AD,91,2,0.8005437913876695,0.0514494605316148,0.005865895547268088,0.07658913465543327,0.44660520441697776
AD,91,3,0.7892996177551285,0.05106957017343856,0.005723989087891315,0.07565704916193411,0.45902111307092563
AD,92,1,0.8401581524304564,0.0539131929586075,0.005740630372465023,0.07576694775735013,0.3998022605858346
AD,92,2,0.8448262942882627,0.0458210867148594,0.0041514955284308016,0.06443210013984335,0.39392093840228554
AD,92,3,0.741106807861191,0.05421496494956889,0.007407325896015162,0.08606582304268728,0.5088154794606872
AD,93,1,0.8233049988950616,0.050035523426997845,0.00489034427127301,0.0699309964984985,0.42035104508605475
AD,93,2,0.8393386195087107,0.04734575824948084,0.005187435395303191,0.07202385296069068,0.4008258730312818
AD,93,3,0.7278609925323986,0.059687391728581535,0.008477078536184577,0.09207105156445525,0.5216694427198142
AD,94,1,0.770177440300908,0.05116591407538962,0.006156472675697759,0.07846319312708194,0.4793981223358015
AD,94,2,0.7479022814022502,0.06311368850458099,0.008648891474316777,0.0929994165267545,0.5020933365398806
AD,94,3,0.878230393352439,0.04433755624441913,0.0036227007577781306,0.060188875697907256,0.3489550209519287
AD,95,1,0.8547072731585126,0.05026662677128296,0.004945985475905217,0.07032770063001646,0.381172830670665
AD,95,2,0.7653011968245329,0.05465573807590776,0.00772317656834693,0.08788160540378703,0.48445722533105756
AD,95,3,0.8313498316946503,0.044885517300699375,0.004032857296388301,0.06350478168128997,0.41067038888304297
AD,96,1,0.8509820631323479,0.04840940504854022,0.004455000164861141,0.06674578761885383,0.3860284145858335
AD,96,2,0.5685955322225473,0.06961409193734626,0.012613253441465898,0.11230874160752537,0.6568138760542842
AD,96,3,0.8278549785752011,0.052348323460529075,0.005569594941729694,0.07462971889086609,0.414903629081259
AD,97,1,0.7871347207802214,0.05085516539879706,0.005050091654914081,0.07106399689655854,0.4613732536892214
AD,97,2,0.800189093687178,0.0573236877706138,0.007663707428707197,0.08754260350656243,0.44700213233587816
AD,97,3,0.832558583750336,0.04468539527905465,0.004891313645251235,0.06993792708717664,0.4091960608921645
AD,98,1,0.6569205147940014,0.06408298924690625,0.011619242182304448,0.1077925887169635,0.5857298739231238
AD,98,2,0.7953523267761815,0.0495932229083624,0.006295964019250149,0.07934711096977727,0.45238000975266196
AD,98,3,0.8023299034838011,0.05127501485997574,0.005226078722307618,0.0722916227671479,0.44460105321085214
AD,99,1,0.7698620223517728,0.060190530591931544,0.007384301534959587,0.0859319587520242,0.47972698240585465
AD,99,2,0.8682600173040849,0.043996792438428405,0.004241644149410531,0.06512790607267004,0.36296002906093555
AD,99,3,0.6872879385124955,0.057830041667556446,0.008268776280116259,0.09093281190041501,0.5592066357684828
