DIPOCE,DI_NCO,PO_HV,PO_f,BA_Code,BA_Mn,PO_Phr,BA_Phr,FS_Phr,Cata_Phr,f(H2O),M_loss,Yield,R,CHS,A_Mix_t,AB_Mix_t,Q,Cata_Code,MCS,CS_rate,CS_TD,Closed_CC,CS(KPa)
100100000,31.25,410,5.153491614,1000,18,105.2631579,1.052631579,5.263157895,0.736842105,0.058479532,2.464,98.77838374,0.9,48.7,127.304,15,480,10000,265.677198,0.002220169,1,83.102045,347
100100000,31.25,410,5.133323931,1000,18,100,1,5,0.7,0.055555556,2.464,98.8079342,0.95,50,133.8615,15,480,10000,267.0357869,0.002225204,1,82.936001,422
100100000,31.25,410,5.152659691,1000,18,94.33962264,0.943396226,4.716981132,0.660377358,0.052410901,2.464,98.84156088,1,51.5,133.733,15,480,10000,261.6616829,0.002222039,1,83.044071,480
100100000,31.25,410,5.167921034,1000,18,90.09009009,0.900900901,4.504504505,0.630630631,0.05005005,2.464,98.8681672,1.05,52.6,137.872,15,480,10000,257.2406053,0.002185934,1,82.846574,482
100100000,31.25,410,5.172593436,1000,18,86.20689655,0.862068966,4.310344828,0.603448276,0.04789272,2.464,98.89357881,1.1,53.7,138.472,15,480,10000,263.9523575,0.002184648,1,82.6626,463
100100000,31.25,410,5.156466432,1000,18,93.45794393,0.46728972,4.672897196,0.654205607,0.02596054,1.232,99.42213884,1.05,51.7,136.0215,15,480,10000,268.3311454,0.002230016,1,82.942594,492
100100000,31.25,410,5.167921034,1000,18,90.09009009,0.900900901,4.504504505,0.630630631,0.05005005,2.464,98.8681672,1.05,52.6,137.872,15,480,10000,257.2406053,0.002185934,1,82.846574,484
100100000,31.25,410,5.207000547,1000,18,86.95652174,1.304347826,4.347826087,0.608695652,0.072463768,3.652,98.35643564,1.05,53.5,132.9435,15,480,10000,260.8000878,0.002183393,1,83.00374,348
100100000,31.25,410,5.230116922,1000,18,84.03361345,1.680672269,4.201680672,0.588235294,0.093370682,4.84,97.86501985,1.05,54.3,133.3145,15,480,10000,269.9266487,0.002170796,1,82.582062,
100100000,31.25,410,5.25778532,1000,18,81.30081301,2.032520325,4.06504065,0.569105691,0.112917796,6.16,97.33564014,1.05,55.2,134.163,15,480,10000,272.4758982,0.002178992,1,83.188284,149
100100000,31.25,410,5.192503554,1000,18,90.09009009,0.900900901,0.900900901,0.630630631,0.05005005,2.464,98.84698175,1.05,52.6,137.5425,15,480,10000,207.8367012,0.001698288,1,82.859501,444
100100000,31.25,410,5.151898099,1000,18,90.09009009,0.900900901,2.702702703,0.630630631,0.05005005,2.464,98.85767269,1.05,52.6,135.5915,15,480,10000,255.034458,0.00172549,1,82.846574,454
100100000,31.25,410,5.167921034,1000,18,90.09009009,0.900900901,4.504504505,0.630630631,0.05005005,2.464,98.8681672,1.05,52.6,137.872,15,480,10000,257.2406053,0.002185934,1,82.846574,482
100100000,31.25,410,5.186033459,1000,18,90.09009009,0.900900901,6.306306306,0.630630631,0.05005005,2.464,98.87847064,1.05,52.6,132.9655,15,480,10000,261.935652,0.002183659,1,82.992871,
100100000,31.25,410,5.191677682,1000,18,90.09009009,0.900900901,8.108108108,0.630630631,0.05005005,2.464,98.88858818,1.05,52.6,133.275,15,480,10000,266.1655011,0.002185185,1,82.985839,
100100000,31.25,410,5.159559783,1000,18,90.09009009,0.900900901,4.504504505,0.09009009,0.05005005,2.464,98.86503915,1.05,52.6,133.672,15,480,10000,263.9726878,0.002193706,1,83.16717,414
100100000,31.25,410,5.167702001,1000,18,90.09009009,0.900900901,4.504504505,0.27027027,0.05005005,2.464,98.86608376,1.05,52.6,133.672,15,480,10000,260.136118,0.002192129,1,83.094036,444
100100000,31.25,410,5.169778816,1000,18,90.09009009,0.900900901,4.504504505,0.45045045,0.05005005,2.464,98.86712644,1.05,52.6,133.672,15,480,10000,259.0306053,0.002185934,1,83.122867,474
100100000,31.25,410,5.167921034,1000,18,90.09009009,0.900900901,4.504504505,0.630630631,0.05005005,2.464,98.8681672,1.05,52.6,137.872,15,480,10000,257.2406053,0.002185934,1,82.846574,482
100100000,31.25,410,5.146940162,1000,18,90.09009009,0.900900901,4.504504505,0.810810811,0.05005005,2.464,98.86920606,1.05,52.6,133.255,15,480,10000,256.1754304,0.002185934,1,83.10386,490
110010000,31,405,3.88,1000,18,78.43137255,0.941176471,1.176470588,1.490196078,0.052287582,2.948,98.72985782,1.1,56,112.5035,4,0,100000,113.7118026,0.001707528,1,94,
110010000,31,378.1506849,3.861541096,1000,18,85.61643836,1.02739726,1.284246575,1.626712329,0.057077626,2.948,98.66847335,1.1,53.9,113.17,4,0,100000,111.7659986,0.001704373,1,94,
110010000,31,344.6923077,3.838538462,1000,18,94.16195857,1.129943503,1.412429379,1.789077213,0.062774639,2.948,98.60151803,1.1,51.5,110.638,4,0,100000,110.5322042,0.001728073,1,92,
110010000,31,301.8421053,3.809078947,1000,18,104.6025105,1.255230126,1.569037657,1.987447699,0.069735007,2.948,98.52747253,1.1,48.9,102.07,4,0,100000,113.8044094,0.001722955,1,93,
110010000,31,245,3.77,1000,18,117.6470588,1.411764706,1.764705882,2.235294118,0.078431373,2.948,98.44514768,1.1,45.9,91.27,4,0,100000,128.2699106,0.001725417,1,94,
110010000,31,379.1603261,3.480183424,1000,18,85.03401361,1.020408163,1.275510204,1.615646259,0.056689342,2.948,98.67326733,1.1,54,116.12,4,0,100000,111.5815296,0.001707308,1,93,
110010000,31,347.5438066,2.990981873,1000,18,92.76437848,1.113172542,1.391465677,1.762523191,0.061842919,2.948,98.61205273,1.1,51.9,119.247,4,0,100000,110.3443094,0.001732126,1,93,
110010000,31,307.9693878,2.378647959,1000,18,102.0408163,1.224489796,1.530612245,1.93877551,0.068027211,2.948,98.54491609,1.1,49.5,121.2875,4,0,100000,122.691097,0.001732608,1,94,
110010000,31,257,1.59,1000,18,113.507378,1.362088536,1.70261067,2.156640182,0.075671585,2.948,98.47016087,1.1,46.8,109.1575,4,0,100000,211.0013458,0.001770845,1,86,238
100010000,31,290,2.9,1001,28.83,62.89308176,6.289308176,1.257861635,1.257861635,0.174703005,17.32,93.65567766,1.05,61.38996139,320.075,12.0074,0,100100,170,0.001890246,1,82.932272,74
100010000,31,290,2.9,1001,28.83,41.84100418,4.184100418,0.836820084,0.836820084,0.116225012,17.32,95.09348442,1.5,70.50147493,376.234,11.2857,0,100100,223,0.001782894,1,82.448239,78
100010000,31,290,2.9,1001,28.83,31.34796238,3.134796238,0.626959248,0.626959248,0.087077673,17.32,96,2,76.13365155,386.745,13.9806,0,100100,265,0.001806342,1,83.523193,166
100010000,31,290,2.9,1001,28.83,25.12562814,2.512562814,0.502512563,0.502512563,0.069793412,17.32,96.6171875,2.5,79.91967871,365.02,17.1687,0,100100,261,0.001823466,1,84.545617,
110000000,31.11298,425,5.321332526,100,18,77.29468599,1.54589372,1.54589372,0.38647343,0.085882984,3.778851315,97.9,1.1,56.4,400.97,12.4915,551.98265,10000,275,0.001666667,0.31,87.463873,
110000000,31.25,477.8935541,5.479023908,1001,65.6,100,11,3,1,0.123781676,12.46,94.6,1.15,53.3,300,10,456,100100,450,0.001666667,0.29,84.841783,203
110000000,31.25,430,4.6583883,1000,18,74.07407407,1.481481481,1.481481481,3.333333333,0.082304527,4.888888889,98,1.1003,57.4,107.233,10.3933,285,101001,450,0.001666667,0.36,87.355177,
