DIPOCE,DI_NCO,PO_HV,PO_f,BA_Code,BA_Mn,PO_Phr,BA_Phr,FS_Phr,Cata_Phr,f(H2O),M_loss,Yield,R,CHS,A_Mix_t,AB_Mix_t,Q,Cata_Code,MCS,AD(kg/m3)
110100000,31,367.9917355,4.464132231,1000,18,67.56756757,2.182432432,1.013513514,1.013513514,0.18,5.351351351,96.8847107,1.83,59.7,81.11,5.3,0,100000,108.6,36.8
110100000,31,367.9917355,4.464132231,1000,18,67.56756757,2.182432432,1.013513514,1.013513514,0.18,5.351351351,96.8847107,1.83,59.7,81.11,5.3,0,100000,94.1,36.8
100010000,31.5,440,3.158698331,1000,18,50.67615658,1.494661922,1.010676157,0.455516014,0.167,5.229893238,97.01785714,1.1,58.4,120,10,0,100100,310,39
100100100,31.5,429.3267117,3.370280883,1000,18,32.93172691,0.975329891,0.659781985,0.295467585,0.167,4.215720023,97.37758744,1.1,63.5,120,10,0,100100,220,37.6
100100100,31.5,418.1186236,3.432703637,1000,18,30.90605892,0.990550306,0.61700945,0.278488049,0.167,4.084491384,97.42897131,1.1,64.6,120,10,0,100100,210,30.8
100100100,31.5,406.1842226,3.357807159,1000,18,29.05660377,0.862533693,0.582210243,0.264150943,0.167,3.961185984,97.47838023,1.1,65,120,10,0,100100,280,28.5
100100100,31.5,393.4943044,3.419217503,1000,18,27.42019885,0.83725798,0.549450549,0.248560963,0.167,3.845107274,97.52592593,1.1,65.6,120,10,0,100100,320,27.4
100100100,31.5,380,3.373911584,1000,18,25.82613116,0.762582613,0.518556177,0.234875445,0.167,3.735638027,97.57171183,1.1,66.3,120,10,0,100100,260,25.7
100010000,31.4,537,4.666222708,1000,18,1.5,0.06,0.025,0.01,0.0067,14.66666667,94.34810533,0.7,60,35,35,436.8,10000,306.09,142
100010000,31.4,698,4.525933821,1000,18,1.153,0.0385,0.019,0.0077,0.0056,9.401709402,95.76352783,0.7,53.6,35,35,426.96,10000,306.214,110
100010000,31.4,480,4.663797511,1000,18,1.67,0.056,0.028,0.011,0.0056,13.58024691,95.07168459,0.7,62.5,35,35,436.8,10000,310.704,140
100010000,31.4,559,4.705222708,1000,18,1.5,0.055,0.025,0.01,0.0061,13.44444444,94.80909481,0.7,60,35,35,436.8,10000,305.658,111
100010000,31.4,979,4.611222708,1000,18,0.83,0.039,0.014,0.0083,0.0078,9.50617284,94.98942574,0.7,45.5,35,35,426.96,10000,302.883,93.2
100010000,31.4,1229,4.610933821,1000,18,0.65,0.03,0.011,0.0065,0.0078,7.439613527,95.63492063,0.7,39.5,35,35,426.96,10000,300.792,96.1
100010000,31.4,1154,4.473933821,1000,18,0.7,0.0233,0.012,0.007,0.0056,5.684754522,96.74074074,0.7,41.1,35,35,426.96,10000,313.145,94.8
110000000,31,420,4.5,1000,18,59,2,0.88,0.9,0.189,4.900419287,97.00500501,1.7,62.9,68.7,5,0,100000,123.3,39.8
110100000,31,367.9917355,4.464132231,1000,18,67.56756757,2.182432432,1.013513514,1.013513514,0.18,5.351351351,96.8847107,1.83,59.7,80.66,5,0,100000,128.1,38.3
110000000,31.25,430,4.1,1000,18,74.1,1.5,1.5,3.34,0.11,3.621399177,97.99224276,1.182,57.4,43.72,10.92,342,101001,350,60.4
110000000,31,340,3,1000,18,67,2,1.3,0.603,0.167,4.888888889,97.13429725,1.2,60,120,9,0,100100,260,43.1
110100000,31.25,1541.742208,5.899642782,1000,18.13430088,36.6,6.629368336,1.124184008,0.874638306,0.164830444,10.04470028,95.35095256,0.7,73.2,300,18,0,100100,286.9,31.4
110100000,31.25,1610.829798,5.198744032,1000,18.13430088,35,6.447491948,1.12922734,0.872215542,0.163382667,9.767454929,95.44974913,0.7,74.1,300,18,0,100100,280.5,38.9
110100000,31.25,1653.62417,4.764591933,1000,18.13430088,33.7,6.425752605,1.139356291,0.876285562,0.155622667,9.762605532,95.46068122,0.7,74.8,300,18,0,100100,264.9,44
110100000,31.25,1688.986675,4.405836683,1000,18.13430088,33,6.173271053,1.143612145,0.8774213,0.150823111,9.373430029,95.53262264,0.7,75.2,300,18,0,100100,258.6,49.1
110100000,31.25,1701.499935,4.278888724,1000,18.13430088,32.7,6.981745292,1.145474869,0.893793165,0.146587556,9.487030119,94.86912721,0.7,75.41,300,18,0,100100,253.9,48.8
110100000,31.25,430,4.25,1000,18,70,2.677748411,1.230589157,0.994690926,0.146115333,5.992687918,96.72895189,0.7,58.9,300,18,0,100100,163.8,47.1
110010000,31,200.8389685,2.678510029,1000,18,68.5,2.7,2.7,1.36,0.22,6.661065316,96.19230586,1.7,59.5,600,10,370,100000,500,36.7
101010000,31.4,364.8254383,2.377272541,1000,18,71,2.1,1.8,0.76,0.167,5.231742408,97.02779016,1.1,55.5,103.88,15.82,0,101000,190.6,41.2
101010000,31.4,383.3485896,2.473259305,1000,18,68,2.03,1.7,0.71,0.167,4.961995624,97.11683376,1.1,55.5,108.38,15.95,0,101000,178.1,35.4
101010000,31.4,404.1394851,2.695983064,1000,18,66,2,1.65,0.7,0.167,4.836972055,97.15949439,1.1,55.5,101.59,16.04,0,101000,237.3,32.1
101000000,31.4,315,2,1000,18,80,2.41,2.01,0.85,0.167,5.883611468,96.82814302,1.1,55.5,107.05,15.78,0,101000,163.8,45.2
110000000,31.5,360,3,1001,84.95192308,74,16.47,1.84,1.5,0.11,18.30065359,90.50223664,1.1,57.6,60,14.84,9.519,101001,580,28.18
110100000,31.5,362.0907491,3.476047733,1001,84.95192308,74.41,16.48,1.85,1.51,0.11,18.43894569,90.46512321,1.1,57.5,60,15.01,9.519,101001,480,27.55
110100000,31.5,364.1758242,3.516790413,1001,84.95192308,75,16.49,1.86,1.52,0.11,18.48962847,90.4515887,1.1,57.4,60,15.03,9.519,101001,750,28.41
110100000,31.5,366.1742984,3.585790413,1001,84.95192308,74,16.49,1.86,1.52,0.11,18.54059065,90.43801572,1.1,57.3,60,15,9.519,101001,860,27.54
110100000,31.5,368.2608696,3.5888531,1001,84.95192308,75,16.5,1.87,1.52,0.11,18.59183453,90.42440409,1.1,57.2,60,15.03,9.519,101001,850,27.87
110100000,31.5,370.2702703,3.5788531,1001,84.95192308,74,16.5,1.9,1.53,0.11,18.64336246,90.41075365,1.1,57.1,60,14.98,9.519,101001,900,27.41
110000000,31,430,6.215186933,1000,18,62.5,1.25,1.6,0.62,0.14,3.819444444,97.69826323,1.5,61.54,180,8,648,10000,240.594,55.4
100010000,31,450,5.3,1000,18,62,1.24,1.55,0,0.14,3.791011856,97.69999582,1.48,61.7,180,8,648,0,228.503,48.5
100010000,31,450,6.6,1000,18,62,1.24,1.55,0,0.14,3.791011856,97.69999582,1.48,61.7,180,8,648,0,219,43.5
100010000,31,480,7.1,1000,18,60,1.22,1.52,0,0.14,3.71948333,97.72652116,1.44,62.16,180,8,648,0,247,45.2
100010000,31,485,7.3,1000,18,60,1.21,1.5,0,0.14,3.70819849,97.73074225,1.42,62.24,180,8,648,0,227,42.6
100010000,31,500,7.4,1000,18,60,1.21,1.5,0,0.14,3.674751119,97.743312,1.38,62.45,180,8,648,0,200,47.4
100010000,31,515,7.9,1000,18,59.6,1.192,1.49,0,0.14,3.641901735,97.75574326,1.35,62.66,180,8,648,0,211,51.4
111000000,32.6,408.0469043,4.777912893,1000,18,79.7721685,1.8,1.6,2,0.075,4.342105263,98.16819317,1.1,54.4,10,10,18.5,101000,254.25,84
111010000,32.6,303.7719002,4.463008366,1000,18,79.49298053,3.8,3.7,4.5,0.072,9.346405229,97.69892992,1.1,54.4,10,10,18.5,101000,172.8,62
110100000,31.5,407.3649779,4.80972845,1000,18,80,2.16,2.4,0.8,0.15,5.28,97.11412331,1.3,55.56,60,10,115.47,100000,566,39
101000000,31,240,2,1001,38.3816767,80.20313805,5.895650448,1.778057412,2.588322252,0.124705556,6.033316511,96.45071032,1.1,53.28169976,60,15,0,10100,480,38.1
110000000,31.25,450,4.498110727,1000,18,77.86997583,1.49128057,1.557399517,3.114799033,0.11,3.806976596,97.93211004,1.05,56.93536921,15,12.37,0,100100,311.29,131
110100000,31.25,406.1496156,4.547863258,1000,18,64.98945951,2.4632471,1.744209682,1.95742001,0.11,6.451502111,97.33980118,1.05,52.93427116,15,12.04,0,100100,304.417,73.6
110100000,31.25,405.5983268,4.570020973,1000,18,65.09703011,2.42528044,1.731998712,2.029089897,0.11,6.521796989,97.32792551,1.05,52.40711468,15,13.27,0,100100,314.871,86.1
110100000,31.25,406.4678577,4.552089489,1000,18,65.25392814,2.365697418,1.689509819,2.094662127,0.11,6.436526633,97.34235083,1.05,52.61341205,15,12.72,0,100100,309.771,101
110100000,31.25,406.4678577,4.57462882,1000,18,65.09703011,2.375594943,1.716365689,2.033936657,0.11,6.378693502,97.35226293,1.05,52.57841205,15,12.98,0,100100,310.841,90.4
100100000,31.25,433.488642,3.437041681,1000,18,62.75868586,11.53378966,2.258499868,3.564494976,0.11,21.12838806,96.27197825,1.05,47.28833998,15,15.93,0,100100,378,85.4
100100000,31.25,440.5446335,3.5892587,1000,18,64.71966672,10.58870215,2.267450257,3.602244073,0.11,22.73331272,96.22495352,1.05,46.96290263,15,15.82,0,100100,248,94.6
100100000,31.25,431.8602918,3.521546037,1000,18,68.06033799,11.15225503,2.200506533,3.588869259,0.11,20.81123962,96.28197569,1.05,47.09033998,15,15.46,0,100100,370,106
100100000,31.25,423.3457965,3.096998947,1000,18,63.48081593,11.16694044,2.252797099,3.480326039,0.11,19.65864916,96.32051665,1.05,47.47101517,15,14.5,0,100100,405,72.1
110000010,31,436,2,1000,18,46.4,2.3,0.7,0.93,0.278,5.671564836,96.2962963,1.1,68.3,60,15,0,100000,331,32.74
110100010,31,418.1668164,2,1000,18,51.7,2.6,0.78,1,0.278,6.316393913,96.03174603,1.1,66,60,15,0,100000,393,29.66
110100010,31,402.0318976,2,1000,18,55.6,2.8,0.83,1.1,0.278,6.797676431,95.84701929,1.1,64.3,60,15,0,100000,410,28.16
110100010,31,394.5269879,2,1000,18,57.3,2.9,0.86,1.1,0.278,7.000127275,95.77232023,1.1,63.6,60,15,0,100000,422,29.1
110000000,31,440,4.5,1000,18,85.47008547,2.991452991,1.282051282,1.282051282,0.194444444,7.312440646,96.16908205,1.1,58.57554882,95.67,7.72,13.42,100000,102.7,45.4
110010000,31,429,4.524338235,1000,18,89.28571429,3.125,1.339285714,1.339285714,0.194444444,7.638888889,96.29422877,1.1,58.94648789,90.29,8.41,14.37,100000,96.1,44.2
110010000,31,417.0434783,4.550792839,1000,18,92.59259259,3.240740741,1.388888889,1.388888889,0.194444444,7.9218107,96.31688114,1.1,58.47313491,84.9,7.52,22.05,100000,115.1,42
110010000,31,404,4.579652406,1000,18,97.08737864,3.398058252,1.45631068,1.45631068,0.194444444,8.306364617,96.2973194,1.1,57.60831898,78.22,7.79,32.14,100000,125.1,41.9
110010000,31,428.9540502,4.474916586,1000,18,89.28571429,3.125,1.339285714,1.339285714,0.194444444,7.638888889,96.29079077,1.1,58.94648789,90.44,8.28,14.37,100000,98.2,43.8
110010000,31,416.9357072,4.447625037,1000,18,93.45794393,3.271028037,1.401869159,1.401869159,0.194444444,7.995846314,96.31134912,1.1,58.23142577,82.59,7.57,28.29,100000,89,43
110010000,31,403.810657,4.417820351,1000,18,97.08737864,3.398058252,1.45631068,1.45631068,0.194444444,8.306364617,96.29334011,1.1,57.69160983,80.47,7.79,40.87519,100000,85.6,41.4
101000000,31,240,4.093161866,1001,44.47152104,62.5,13.76,1.56,4.25,0.152,7.638888889,95.64735676,2,61.5,30,30,0,10100,345,36
101100000,31,253.5895632,4.133161866,1001,44.47152104,62.55,13.76,1.56,4.25,0.152,7.638888889,95.64735676,2,61.5,30,30,0,10100,320,37
101100000,31,266.1538462,4.166161866,1001,44.47152104,62.5,13.76,1.56,4.25,0.152,7.638888889,95.64735676,2,61.5,30,30,0,10100,310,38
101100000,31,277.8135353,4.237682786,1001,44.47152104,62.6,13.76,1.56,4.25,0.152,7.638888889,95.64735676,2,61.5,30,30,0,10100,280,39
110000000,31,400,3.72020444,101,116.5424034,84.27773391,8.252521387,1.548249015,0.958552047,0.017251111,9.365705473,95.48001465,1.2131,54.06374484,120,9,274.85038,100000,247,33.3
100100000,30,577.6,6,1000,18,50,1,1.95,1.75,0.011,55,68.67881549,1.4,66.7,158.72,17,374.75,100000,323.748,46.8
100100000,30,577.6,6,1000,18,45,1.4,1.78,1.6,0.0167,50,70.36637931,1.5,68.75,151.82,16.43,386.51,100000,325.851,44.3
100100000,30,500.6,6,1000,18,36,0.71,1.4,1.25,0.011,39.28571429,74.48979592,2.4,73.7,177.71,18.25,362.76,100000,316.873,46.4
100100000,30,531.8,6,1000,18,62.5,1.25,1.44,2.2,0.011,68.75,64.6529563,1.2,61.5,136.6,17.25,350.53,100000,350.005,58
100100000,30,531.8,6,1000,18,55.6,1.67,1.28,1.9,0.0167,61.11111111,66.78743961,1.3,64.3,160.29,17.02,371.63,100000,333.59,45.1
100100000,30,450.4,6,1000,18,45,1.4,1,1.6,0.0167,50,70.36637931,1.8,68.75,166.24,17.59,368.38,100000,303.016,51.6
101000000,31.3755,534,4.681985312,0,0,97.1,0,1.718941751,0,0,0,100,1.57,50.7,600,10,0,100000,588,34.6
101001000,31.374,499.0277115,4.539206829,101,148.1,97.1,0.87,1.733058074,0.049,0,0.873786408,99.55979457,1.56,50.7,600,10,0,100000,548,33.9
101001000,31.3905,494.1196487,4.705084271,1,148.1,97.1,1.7,1.728790909,0.1,0,1.747572816,99.12578922,1.54,50.7,600,10,0,100000,448,36.2
101001000,31.3775,484.2198603,4.926392069,1,148.1,97.1,2.6,1.698766219,0.15,0,2.621359223,98.69785387,1.53,50.7,600,10,0,100000,393,41.7
101001000,31.398,473.4426404,4.870659278,1,148.1,97.1,3.5,1.726264888,0.2,0,3.495145631,98.27586207,1.52,50.7,600,10,0,100000,255,53.3
101100000,31.3055,402.485228,4.616851873,1,148.1,97.1,0.87,1.719216245,0.315236489,0,0.873786408,99.55979457,1.57,50.7,600,10,0,100000,419,35.5
101100000,31.321,399.891446,4.635369653,1,148.1,97.1,1.7,1.728810172,0.386687741,0,1.747572816,99.12578922,1.56,50.7,600,10,0,100000,347,38.5
101100000,31.3535,391.0062907,4.820502239,1,148.1,97.1,2.6,1.777798066,0.477590328,0,2.621359223,98.69785387,1.54,50.7,600,10,0,100000,305,41.6
101100000,31.3555,385.3580671,4.780976015,1,148.1,97.3,3.5,1.781314691,0.478249043,0,3.495145631,98.27586207,1.53,50.7,600,10,0,100000,304,42.2
110010000,31.5,424.1715521,5.198026677,101,135.9386542,72.5,1.1,1.45,0.72,0.052649556,22.77657267,88.45307918,1.1,58,1200,20,0,100000,518,37.7
110010000,31.5,424.1715521,5.170326677,101,134.4576542,72,1.08,1.44,0.72,0.052592556,22.67818575,88.4784199,1.1,58.1,1200,20,0,100000,522,37.92
100010000,31.5,323,4.705119872,1000,18,66,2,1.3,1.99,0.167,4.856512141,97.16859717,1.25,60.2,78.57,9.59,111.435,100100,152,48.5
100010010,31.5,323,4.728366175,1000,18,65,2.05,1.4,2.02,0.167,5.005688282,97.11853307,1.25,61,75.27,9.6,92.82,100100,170,38.5
100010010,31.5,323,4.66059704,1000,18,64,2.13,1.42,2.15,0.167,5.200945626,97.05488621,1.25,61,73.22,9.66,72.03519,100100,186,40.7
100010010,31.5,323,4.724596067,1000,18,62,2.19,1.5,2.18,0.167,5.352798054,97.00680272,1.25,61.7,70.32,9.76,82.99519,100100,204,42.2
100010010,31.5,323,4.693299276,1000,18,61,2.3,1.5,2.31,0.167,5.555555556,96.94444444,1.25,62.3,68.37,9.85,73.96038,100100,207,41.9
100010010,31.5,323,4.747575387,1000,18,59,2.4,1.57,2.34,0.167,5.756148613,96.8847352,1.25,63,64.3,10.16,75.58019,100100,305,42.4
100010001,31.5,323,4.711473364,1000,18,65,2.05,1.4,2.02,0.167,5.005688282,97.11853307,1.25,61,78.87,9.6,99.13,100100,149,41.1
100010001,31.5,323,4.66812151,1000,18,64,2.13,1.42,2.15,0.167,5.200945626,97.05488621,1.25,61,73.22,9.66,72.03519,100100,196,40.5
100010001,31.5,323,4.710725566,1000,18,62,2.19,1.5,2.18,0.167,5.352798054,97.00680272,1.25,61.7,70.32,9.76,82.99519,100100,202,43.2
100010001,31.5,323,4.693770254,1000,18,61,2.3,1.5,2.31,0.167,5.555555556,96.94444444,1.25,62.3,70.27,10.08,77.22519,100100,213,46.5
100010001,31.5,323,4.884308416,1000,18,59,2.4,1.57,2.34,0.167,5.756148613,96.8847352,1.25,63,68.72,10.57,81.13519,100100,259,52.6
110000001,31.5,406,4.3,1001,88.15779246,72.7,24.14,1.7,0.76,0.083,25.50505051,87.37894408,1.1,56.9,300,15,7.00557,100000,510,36.2
110001001,31.5,390,5.7,1001,88.15000283,75,24.17,1.76,0.78,0.083,26.26105044,87.19655194,1.1,56.2,300,15,14.11038,100000,460,38.6
110001001,31.5,411,7.13,1001,88.74564418,72,23.63,1.69,0.75,0.083,25.25631408,87.4401542,1.1,57.1,300,15,14.29538,100000,470,40.1
110001001,31.5,405,9.9,1001,88.74564418,72.9,24.14,1.71,0.759301443,0.083,25.56314857,87.36473385,1.1,56.8,300,15,20.83038,100000,430,38.8
110000001,31.5,412,4.3,1001,88.15779246,72.7,24.14,1.7,0.757002271,0.083,25.48574312,87.38367372,1.1,56.9,300,15,7.00557,100000,490,38.2
110001001,31.5,397,5.7,1001,88.15000283,75,24.17,1.76,0.78,0.083,26.28155087,87.19168093,1.1,56.2,300,15,14.11038,100000,470,38.7
110001001,31.5,421,7.13,1001,89.6162634,72,23.42,1.67,0.74,0.083,25.04960317,87.49148554,1.1,57.3,300,15,17.47038,100000,460,39.3
110001001,31.5,410,9.9,1001,88.42222331,73,23.94,1.71,0.760456274,0.083,25.60202788,87.35524257,1.1,56.8,300,15,14.11038,100000,630,36.9
110000000,31.48,446,4.6,1001,94.7559068,68,21.4,1.4,0.68,0.083,22.90249433,88.04026051,1.1,59.5,1200,18.51,0,100000,530,37.3
110000000,31,420,4.154736203,1001,31.4300885,77,9.97,1.15,1.2,0.17,11.11111111,94.12827462,1.1,56.5,75.64,10,0,100000,430,41.1
110000100,31,412.9471198,3.939408671,1001,31.4300885,78.9,10.19,1.18,0.9,0.17,11.3735783,94.05578418,1.1,55.9,121.14,10,0,100000,322,41.5
110000100,31,409.9513784,3.974511936,1001,31.4300885,78.93,10.313,1.19,0.91,0.17,11.4638448,94.0312213,1.1,55.8,120.76,10,0,100000,247,39.8
110000100,31,398.2254791,3.703726054,1001,31.4300885,81,10.57,1.2,0.65,0.17,11.74345077,93.9562994,1.1,55,145.65,10,0,100000,254,41.8
110000100,31,387.887726,3.714996312,1001,31.4300885,84,11.05,1.27,0.68,0.17,12.24105461,93.82716049,1.1,54.1,146.96,10,0,100000,387,42.5
110010000,32.6,370,3.870320856,1000,18,60,0.83,0.151,0.83,0.0764,2.02476573,98.75051632,1.06,63.8,82.91,8,23.5,100000,427,74.2
100100000,31,351,5.244422747,1000,18,38,1.1,0.9,0.38,0.167,2.78833967,98.01533604,1.75,72.5,123.86,15,0,100000,215.6705,40.84
100010000,31,340.24,4.826631578,1000,18,1,2.6,2.17,0.87,0.167,6.376811594,96.68924003,1.75,53.5,104.49,15,0,100000,241.223,40.78
100100000,31,438,4.920501834,1000,18,1,2.63,2.2,0.88,0.167,6.432748538,96.67422525,1.75,53.3,109.26,15,0,100000,208.1705,44.05
100010000,31,445,4.191859617,1,70.1,91,18.2,1.8,0.91,0,18.18181818,91.41630901,0.94,52.4,60,15,1368,100000,409.17,43.8
100100000,31.5,444.2,4.338505615,1000,18,84.33108677,1.83,1.601057791,1.191692679,0.056,4.468819825,98.45825011,1.05,35.4,120,10,561.6,11000,216.477,102.56
110100000,31.5,437.0548597,5.192700675,1000,18,95.95384615,1.9,1.675612389,1.248271839,0.056,4.62962963,98.43955031,1.05,34.5,120,10,571.44,11000,252.3955,68.9
110100000,31.5,428.5383998,5.203700675,1000,18,105.0223158,1.97,1.667020061,1.279579011,0.056,4.811898513,98.4193699,1.05,33.7,120,10,564.96,11000,255.4055,66.27
110100000,31.5,418.1309043,5.265294258,1000,18,116.6534884,2.1,1.678020758,1.365305641,0.056,5.01939311,98.39761098,1.05,32.8,120,10,558.48,11000,258.9855,66.03
110000000,31.221,446,4.6,1001,59.34533795,97,30.5,1.9,0.97,0.083,32.68608414,85.8245614,1.03,50.7,312.71,16.34,0,100000,516,35.5
110010000,31.1805,435.8960504,4.432762213,1001,55.24611009,97.1,30.5,1.9,0.97,0.083,32.68608414,85.8245614,1.03,50.7,270.56,14.97,0,100000,448,36.6
110010000,31.1955,425.5281063,4.261154862,1001,56.4287929,97,30.5,1.9,0.97,0.083,32.68608414,85.8245614,1.03,50.7,282.36,14.96,0,100000,480,37.5
110010000,31.2055,413.5933891,4.063614717,1001,57.05869087,97,30.5,1.9,0.97,0.083,32.68608414,85.8245614,1.03,50.7,282.83,14.97,0,100000,739,36.6
110010000,31.2055,387.9340891,3.638909061,1001,56.82642092,96.5,30.5,1.9,0.97,0.083,32.68608414,85.8245614,1.03,50.7,282.83,14.97,0,100000,748,35.6
110000001,31.2,515.4127279,4.871652945,1001,43.12727273,53.92837312,2.028287293,1.560414506,1.345547319,0.132969111,3.345681568,97.68627547,1.1,64.00433823,11,14,0,11010,500,56
110001001,31.2,502.876343,5.084942446,1001,43.53292588,56.28145936,1.623665317,1.539496281,1.432049629,0.092131111,3.22400883,98.07304904,1.1,62.83098234,11,14,0,11010,435.027,105
100100001,31.2,262.1207855,3.882334993,1001,49.05150492,98.84590259,21.65606949,2.004487789,3.9798,0.108006667,22.78379002,89.49228631,1.1,49.123,11,14,0,11010,780,54
100101001,31.2,252.3420107,3.97973258,1001,48.04214508,95.61728661,22.76991655,1.95556146,3.9648,0.099403333,25.71954774,89.01948162,1.1,46.935,11,14,0,11010,756.34,104.3
100010001,31.2,558.6226441,4.161543785,1001,46.82696344,55.33892011,4.117620543,1.451720704,1.241856494,0.133780444,7.653222089,94.4114539,1.1,58.9956545,11,14,0,11010,392.405,55.3
100100000,31,420,6,1001,24.11935484,37,2.241,1.5,1.48,0.22,4.362139918,96.93287037,2,73,60,10,888,11000,110,21.7
110100000,31,374.8840534,7.196553367,1001,24.11935484,37.1,2.241,1.5,1.48,0.22,4.362139918,96.93287037,2,73,60,10,888,11000,111,30.3
110100000,31,301.1506276,9.15209205,1001,24.11935484,37,2.241,1.5,1.48,0.22,4.362139918,96.93287037,2,73,60,10,888,11000,121,36.1
110100000,31,384.6137184,8.776462094,1001,24.11935484,37,2.241,1.5,1.48,0.22,4.362139918,96.93287037,2,73,60,10,888,11000,107,25.5
110100000,31,339.3914474,12.32467105,1001,24.11935484,37,2.241,1.5,1.48,0.22,4.362139918,96.93287037,2,73,60,10,888,11000,109,28.1
100100000,31.467,363.4478216,5.5428987,1001,62.31514891,96,24.1,3.6,6.5,0,24.07897905,89.55395383,1.19144,51,60,25,0,100100,320,33.6
1010000000,33.6,404.1062055,5.215488304,1000,18.13430088,72.76608309,8.681412008,2.381312363,1.353568702,0.157869556,11.36143716,95.14607074,1.5,56.70334447,126.16,15,0,100000,296.1335,25.1
1010010000,33.6,403.7371602,5.570290227,1000,20.10826068,70.50658536,12.83615368,2.412170864,1.32187636,0.118289889,14.52399052,93.26662797,1.5,55.86336311,123.88,15,0,100000,205,31
1010010000,33.6,402.6598858,5.527902842,1000,20.10826068,70.46272526,12.84367438,2.447201638,1.319701584,0.115549889,14.41446596,93.17744373,1.5,55.84165397,127.33,15,0,100000,180,35.7
1010010000,33.6,401.924637,5.561539167,1000,20.10826068,70.48076524,12.90764187,2.43558122,1.330294317,0.113309889,14.48758295,93.11828863,1.5,55.79565397,126.98,15,0,100000,195,41.6
1010010000,33.6,402.4203407,5.673689031,1000,20.10826068,70.494566,13.1949114,2.428756455,1.321341497,0.109677667,14.52665455,93.06438277,1.5,55.83893845,121.83,15,0,100000,208,45.7
1010010000,33.6,403.4190411,5.762959886,1000,20.10826068,70.49237652,13.32693572,2.420958209,1.296119698,0.102223556,14.51264428,93.03103472,1.5,55.83721099,127.08,15,0,100000,196,50.6
110000000,31.5,456.0131057,4,1000,18,70,2.3,1.1,0.7,0.13,3.935752343,97.72977096,1.05,58.8,102.81,30,0,100000,423,50
110000000,31.5,469.5549505,4,1001,85.43181818,70,10.5,1.1,0.7,0.056,11.5116867,93.68371636,1.05,58.8,265.53,30,0,100000,529,50
110000000,31.5,451.4638333,4,1001,55.43869347,70,7.7,1.1,0.7,0.056,8.711546688,95.14552587,1.05,58.8,173.09,30,0,100000,558,50
110000000,31.5,469.2031914,4,1001,107.1696629,70,13.7,1.1,0.7,0.056,14.3118267,92.26614547,1.05,58.8,506.4,30,0,100000,514,50
110000000,31.25,300,2,1,148.1,126,10.6,1.9,1,0,10.56793674,95.58955896,1.1,44.2,528,30,0,100000,352,105
110000000,31.25,400,2,1,148.1,94,9.1,1.7,0.8,0,9.075941552,95.59,1.1,51.5,502.8,30,0,100000,252,94
110000000,31.25,500,2,1,148.1,75,8.2,1.5,0.76,0,8.184855234,95.59,1.1,57.1,627,30,0,100000,201,92
110000000,31.25,600,2,1,148.1,62,7.5,1.4,0.7,0,7.548784663,95.59,1.1,62,727.2,30,0,100000,162,93
110000000,31.25,440.9090909,2.35206987,1,148.1,105,9.5,1.7,0.87,0,9.534127844,95.6,0.9,48.9,526.8,30,0,100000,143,108
110000000,31.25,440.9090909,2.041,1,148.1,85,8.6,1.6,0.79,0,8.647798742,95.6,1.1,53.9,461.4,30,0,100000,144,101
110000000,31.25,441.1671924,3.181869128,1,148.1,72,8,1.5,0.73,0,8.035062089,95.6,1.3,58,678,30,0,100000,146,95
110000000,31,420,4.5,1001,40.71025641,90.09459459,7.135135135,1.8,1.3,0.11,9.764764765,95.75694309,1.1,59,74.82,8,0,100000,122,39.1
110000000,31,420,4.5,1000,18,90.09459459,3.667567568,1.8,1.3,0.11,8.808808809,96.56317126,1.1,63.9,68.34,8,0,100000,117.3,34.6
110100000,31.5,395.4433017,4.630527685,1000,18,85.5,1.695,2.55,2.55,0.11,5.593220339,97.67359887,1.25,63.9,60,10,246.81,100000,566,39.1
100000100,31.25,605.1,3.05958156,1000,18,68.96551724,1.374848741,1.255997065,0.796081811,0.135610667,3.720228633,97.47416818,1,59.18367347,112.48,10,0,100100,307.392,39.9
100000100,31.25,992.4,3.419494125,1000.03,18.37438693,42.01680672,1.5086297,1.073658247,0.765520653,0.164007333,3.979803305,97.16287618,1,70.41420118,146.71,10,0,100100,317.472,33.5
100000100,31.25,692.5,3.326257897,1000,18,60.24096386,1.291009551,1.143443258,0.767768462,0.144159556,3.638364279,97.45059273,1,62.40601504,113.37,10,0,100100,331.068,31.2
100000100,31.25,660.2,3.328939221,1000,18,63.29113924,1.297716489,1.148035981,0.796829827,0.142828444,3.640576045,97.46935693,1,61.24031008,113.37,10,0,100100,324.907,32.8
100000100,31.25,660.2,3.254482371,1000,18,63.29113924,1.290859217,1.196240197,0.783519895,0.139774,3.638349027,97.49269837,1,61.24031008,114.92,10,0,100100,319.038,39.7
100000100,31.25,750.6,3.307778062,1000,18,55.55555556,1.280042491,1.179982399,0.766996296,0.145930667,3.639845609,97.40402472,1,64.28571429,117.02,10,0,100100,329.638,34.7
100000100,31.25,750.6,3.390936547,1000,18,55.55555556,1.293504948,1.154807424,0.773225691,0.148711778,3.642072628,97.38327674,1,64.28571429,115.22,10,0,100100,333.771,30.3
100000100,31.25,750.6,3.307778062,1000,18,55.55555556,1.279738083,1.178974426,0.767166091,0.145820667,3.639845609,97.40402472,1,64.28571429,116.17,10,0,100100,333.589,36.6
100000100,31.25,555,3.131028883,1000,18,75.18796992,1.385085007,1.22904201,0.863342223,0.127084,3.7657195,97.55623125,1,57.08154506,107.66,10,0,100100,308.819,34
100000100,31.25,555,3.094427988,1000,18,75.18796992,1.389845247,1.256159764,0.863342223,0.127380667,3.763492481,97.55623125,1,57.08154506,106.57,10,0,100100,307.465,35.9
100000100,31.25,1208.4,3.582555096,1000.04,18.74877387,34.60207612,1.763393248,1.014874403,0.753883501,0.188891778,3.946508489,97.01740188,1,74.29305913,189.55,10,0,100100,271.2935,36.2
100000100,31.25,1208.4,3.545224198,1000.04,18.74877387,34.60207612,1.782400588,1.059676189,0.74316652,0.187021778,3.919862925,97.02867882,1,74.29305913,190.15,10,0,100100,269.8925,40.3
100000100,31.25,484.2,3.128742708,1000,18,86.20689655,1.47880877,1.322454046,0.908377369,0.125164,3.891520167,97.55776993,1,53.7037037,102.64,10,0,100100,291.682,32.5
110000000,31.5,360,5.6,1000,18,57,2.6,1.14,1.057,0.25,6.250710308,96.13193614,1.1,63.8,60,7,0,101000,539,26.4
110010000,31.5,355.8595553,5.40157523,1000,18,57,2.56,1.14,1.057,0.25,6.26566416,96.12621496,1.1,63.7,60,7,0,101000,511,29.5
110010000,31.5,351.6681372,5.200707635,1000,18,57.4,2.57,1.142,1.057,0.25,6.280331145,96.12061365,1.1,63.7,60,7,0,101000,481,31
110010000,31.5,347.2333851,4.988178612,1000,18,57.3,2.58,1.145,1.057,0.25,6.295427231,96.1148589,1.1,63.6,60,7,0,101000,446,32.9
110010000,31.5,342.7221059,4.771982138,1000,18,57.4,2.9,1.15,1.057,0.25,6.310234052,96.10922467,1.1,63.5,60,7,0,101000,408,34.1
110010000,31.5,338.141159,4.552446941,1000,18,58,2.9,1.15,1.057,0.25,6.325110689,96.10357409,1.1,63.5,60,7,0,101000,392,34.9
110000000,31,420,4.8,1000,18,59,2,0.9,0.29,0.189,4.900419287,96.97777778,1.52,63,60,5,-48,100000,229.776,42
110010000,31,374.3555556,4.467777778,1000,18,74,2.5,1.1,0.37,0.189,6.111111111,96.5571205,1.74,58,60,5,-48,100000,169.878,40
110010000,31,374.8111051,4.539466522,1000,18,71.2,2.4,1,0.36,0.187,5.875059609,96.64980693,1.7,58.3,60,5,-48,100000,172.039,39.7
110010000,31,373.3060719,4.58983891,1000,18,70,2.3,1,0.35,0.184,5.647568236,96.74100251,1.67,59,60,5,-48,100000,186.156,40.3
110010000,31,372.7773343,4.641034336,1000,18,68.1,2.2,1.02,0.34,0.182,5.435781544,96.82815975,2.1,59.6,60,5,-48,100000,154.155,41.2
110010000,31,372.5751073,4.688412017,1000,18,66,2.1,1,0.33,0.18,5.24039871,96.90697121,1.6,60,60,5,-48,100000,226.898,42.9
100100000,31.0685,548,16,1000,18,57,1.1,1.7,0.51,0.11,4.19047619,76.9681742,1.3,63.6,203.27,12.27,0,100000,129,63
100100000,31.0395,548,16,1000,18,56,1.7,2.2,0.5,0.17,4.074074074,77.32426304,1.3,64.3,197.82,11.85,0,100000,342,52
100100000,30.929,482,8,1000,18,74.1,1.5,4.3,0.67,0.11,5.432098765,73.65900383,1.1,57.45,176.72,12.63,0,100000,148,69
100100000,31.0235,482,8,1000,18,65,2,3.1,0.58,0.17,4.731182796,75.42448615,1.2,60.8,208.26,11.89,0,100000,109,57
100100000,30.8655,510,8,1000,18,65,1.3,3.1,0.58,0.11,4.731182796,75.42448615,1,60.8,186.72,12.68,0,100000,265,67.1
100100000,30.9995,654,12,1000,18,56,1.1,1.67,0.094,0.11,4.074074074,77.32426304,1.1,64.3,192.74,12.63,0,100000,149,72
100100000,31.3385,654,12,1000,18,53,1.6,2.1,0.09,0.17,3.859649123,78.00439912,1.2,65.52,204.53,12.85,0,100000,237,57
100100000,31.0705,560,16,1000,18,56.2,1.12,1.69,0.096,0.11,4.119850187,77.18315702,1.3,64.1,204.22,12.72,0,100000,169,70.3
100100000,31.125,560,16,1000,18,56,1.67,2.2,0.094,0.17,4.074074074,77.32426304,1.3,64.3,208.43,12.1,0,100000,261,55.8
100100000,30.6345,409,8,1000,18,91,1.82,2.73,0.15,0.11,6.666666667,71.0602473,1.1,52.4,157.54,12.56,0,100000,209,68.8
100100000,30.679,409,8,1000,18,83,2.5,3.25,0.14,0.17,6.111111111,72.1589471,1.1,54.5,167.41,11.94,0,100000,321,57
100100000,30.636,493,8,1000,18,67,1.3,2,0.11,0.11,4.888888889,75.00568053,1.2,60,176.93,11.72,0,100000,305,73
100100000,31.1085,493,8,1000,18,54.1,1.6,2.11,0.092,0.17,3.963963964,77.66950873,1.5,65,207.27,12.23,0,100000,230,56
110000000,31.4,490,4.3,1000,18,79.8977309,1.597954618,0.399488655,0.798977309,0.11,3.906111289,97.85254815,1.1,55.58713804,60,12,89.98057,101000,210,23.5
110010000,31.4,533.583815,4.750867052,1000,18,80.19246191,1.603849238,0.40096231,0.801924619,0.11,3.92052036,97.84820031,1.1,55.49621718,60,12,89.31557,101000,250,22.5
110010000,31.4,572.5547445,5.154014599,1000,18,80.55421299,1.61108426,0.402771065,0.80554213,0.11,3.938205968,97.84288348,1.1,55.38502722,60,12,86.91557,101000,265,21
110010000,31.4,607.6083189,5.516637782,1000,18,80.88651622,1.617730324,0.404432581,0.808865162,0.11,3.954451904,97.83801845,1.1,55.28328042,60,12,87.10057,101000,275,20.3
110010000,31.4,668.1102362,6.142519685,1000,18,81.55941603,1.631188321,0.40779708,0.81559416,0.11,3.987349228,97.82822225,1.1,55.07838821,60,12,85.12057,101000,290,18.7
110000000,31.4,490,4.3,1000,18,68.99406651,1.37988133,2.069821995,1.207396164,0.11,3.373043252,98.05757524,1.2,59.17367519,47.02,10,336,100000,48,46.1
100010000,31.4,211,2,1000,18,83.85111396,1.677022279,0.41925557,1.467394494,0.11,4.099387794,97.81266576,1.1,54.39183796,132.96,10,336,100000,20,57.1
100010000,31.4,495,6,1000,18,84.43449994,1.688689999,0.4221725,1.477603749,0.11,4.127908886,97.80457198,1.3,54.21979078,94.05,10,336,100000,103,93.5
110010000,31.5,1365.168399,2.667359667,1001,96.27825544,66.22516556,20.86092715,1.490066225,0.662251656,0.083333333,22.29580574,89.53638954,1.1,65.15679443,300,20,56.31519,100000,594,42.6
110010000,31.5,1362.050297,2.844504543,1001,96.18489188,66.22516556,20.86092715,1.490066225,0.662251656,0.083333333,22.29580574,89.50376721,1.1,65.03496503,300,15,65.62019,100000,377,44.5
110010000,31.5,1358.9202,3.022330901,1001,96.84508464,66.66666667,21,1.5,0.666666667,0.083333333,22.44444444,89.47094084,1.1,64.9122807,300,20,80.07519,100000,422,44.3
110010000,31.5,1326.94395,4.838958165,1001,96.27713044,68.02721088,21.42857143,1.530612245,0.680272109,0.083333333,22.90249433,89.23527844,1.1,64.02877698,300,20,58.08,100000,400,44
110100000,31.5,413.5,6.62,1001,96.56542056,66.03773585,19.62264151,0.943396226,1.320754717,0.022,20.71278826,89.02222222,1.3,60.2,411.12,20,336,100000,270,70
110100000,31.5,405.8571429,5.966984127,1001,96.56542056,67.9245283,19.62264151,0.943396226,1.320754717,0.022,20.71278826,89.02222222,1.3,59.55,410.92,20,336,100000,207,64
110110000,31.5,402.9552716,5.547603834,1001,96.56542056,67.9245283,19.62264151,0.943396226,1.320754717,0.022,20.71278826,89.02222222,1.3,59.55,411.37,20,336,100000,331,68
110110000,31.5,405.8571429,5.966984127,1001,96.56542056,67.9245283,19.62264151,0.943396226,1.320754717,0.022,20.71278826,89.02222222,1.3,59.55,410.92,20,336,100000,244,63
110110000,31.5,405.8571429,7.734603175,1001,94.92222222,61.81818182,17.09090909,0.909090909,1.272727273,0.022,18.14141414,90.02222222,1.3,61.8,364.47,20,336,100000,191,43
110101000,31.5,380.2040816,9.144217687,1001,96.56542056,71.15384615,20,0.961538462,1.346153846,0.022,21.11111111,89.02222222,1.3,58.4,413.62,20,336,100000,210,59
110110000,31.5,409.7086614,6.296062992,1001,96.56542056,66.03773585,19.62264151,0.943396226,1.320754717,0.022,20.71278826,89.02222222,1.3,60.2,410.92,20,336,100000,211,59
110110000,31.5,403.1990721,5.745275616,1001,96.56542056,67.85660377,19.62264151,0.943396226,1.320754717,0.022,20.71278826,89.02222222,1.3,59.55,410.92,20,336,100000,267,72
110110000,31.5,397.9677419,5.292903226,1001,96.56542056,67.9245283,19.62264151,0.943396226,1.320754717,0.022,20.71278826,89.02222222,1.3,59.55,413.32,20,336,100000,242,76
110110000,31.5,408.28594,6.089731438,1001,96.56542056,66.03773585,19.62264151,0.943396226,1.320754717,0.022,20.71278826,89.02222222,1.3,59.55,410.92,20,336,100000,247,67
110110000,31.5,399.2774276,5.179911572,1001,96.56542056,69.16153846,20,0.961538462,1.346153846,0.022,21.11111111,89.02222222,1.3,60.2,415.72,20,336,100000,258,63
110110000,31.5,391.9281046,4.426143791,1001,96.56542056,67.9245283,19.62264151,0.943396226,1.320754717,0.022,20.71278826,89.02222222,1.3,59.55,417.18,20,336,100000,357,56
110101000,31.5,397.5570033,7.828664495,1001,96.56542056,70.58823529,20.39215686,0.980392157,1.37254902,0.022,21.52505447,89.02222222,1.3,59.55,423.07,20,336,100000,393,61
110101000,31.5,340.4477612,12.15820896,1001,96.56542056,74,20.8,1,1.4,0.022,21.95555556,89.02222222,1.3,59.55,431.57,20,336,100000,396,59
110101000,31.5,340.4477612,12.15820896,1000,18,76,22.01509434,0.943396226,1.320754717,0.022,23.95555556,88.02222222,1.3,56.8,233.81,20,336,100000,419,65
100100001,31.345,221.4,4.288702849,1001,48.28266667,100,22,2,4,0.11,24.84,89.10526316,1,50,12,15,96,11000,115,44.7
100100001,31.2645,235.8,4.269015836,1001,48.28266667,100,22,2,4,0.11,24.84,89.10526316,1,50,12,15,96,11000,418,61
100100001,31.229,253.7,4.118657603,1001,48.28266667,100,22,2,4,0.11,24.84,89.10526316,1,50,12,15,96,11000,876,64.5
100100001,31.333,221.4,4.799728872,1001,49.08244898,100,24,2,4,0.11,26.84,88.33043478,1,50,12,15,96,11000,115,44.7
100100001,31.1935,235.8,4.694623791,1001,49.60153846,100,26,2,4,0.11,28.84,87.56896552,1,50,12,15,96,11000,418,40
100100001,31.1305,253.7,4.554695473,1001,50.20714286,100,28,2,4,0.11,30.84,86.82051282,1,50,12,15,96,11000,876,38.5
110000000,31.4,490,4.3,1000,18,68.99406651,1.37988133,2.069821995,1.207396164,0.111111111,3.339312819,98.07699948,1.2,59.17367519,15,15,336,100000,257.919,46.1
110010000,31.4,447.260274,4.575143089,1000,18,76.10350076,1.522070015,2.283105023,1.331811263,0.111111111,3.683409437,97.96766744,1.26,56.78478825,15,15,336,100000,349.347,42.3
110010000,31.4,393.0051813,4.899810509,1000,18,84.83922966,1.696784593,2.54517689,1.484686519,0.111111111,4.106218716,97.84524976,1.28,54.10106945,15,15,336,100000,403.19,38.5
110010000,31.4,360,5.231049569,1000,18,90.0090009,1.800180018,2.700270027,1.575157516,0.111111111,4.356435644,97.77828781,1.3,52.62908574,15,15,336,100000,400.875,37.6
110000000,32.5,380,4.494623847,1000,18,34.92717684,1.746358842,1.746358842,1.32723272,0.277777778,4.268877169,96.94528449,1.1,74.11405348,30,7,81.965,101000,215.7,43.4
110100000,32.5,370.3490799,4.759256215,1000,18,35.97122302,1.798561151,1.798561151,1.366906475,0.277777778,4.396482814,96.88049458,1.1,73.54497354,30,7,127.69038,101000,325.334,39.41
110100000,32.5,359.816772,4.690163864,1000,18,37.08098487,1.854049244,1.854049244,1.409077425,0.277777778,4.532120373,96.81281365,1.1,72.94957801,30,7,105.38057,101000,354.219,37.05
110100000,32.5,348.2765573,4.712683481,1000,18,38.25993802,1.912996901,1.912996901,1.453877645,0.277777778,4.676214647,96.7422176,1.1,72.32753134,30,7,98.52557,101000,351.656,35.01
110100000,32.5,335.5764855,4.639087184,1000,18,39.51788184,1.975894092,1.975894092,1.50167951,0.277777778,4.829963336,96.6683325,1.1,71.67540008,30,7,100.63595,101000,349.639,34.82
110100000,32.5,321.5324459,4.53013731,1000,18,40.85968783,2.042984392,2.042984392,1.552668138,0.277777778,4.993961846,96.59111334,1.1,70.99263213,30,7,60.62557,101000,351,34.62
110000000,32.5,450,4.537205373,1000,18,30.23431595,1.511715797,1.511715797,1.148904006,0.277777778,3.695305283,97.25065297,1.1,76.78467789,30,7,83.51,101000,318.5,44.71
110100000,32.5,438.1505502,4.693124327,1000,18,31.44654088,1.572327044,1.572327044,1.194968553,0.277777778,3.843466108,97.16947146,1.1,76.07655502,30,7,134.19019,101000,331.862,41.05
110100000,32.5,424.9584364,4.750488987,1000,18,32.76110601,1.638055301,1.638055301,1.244922029,0.277777778,4.00413518,97.0832803,1.1,75.32326523,30,7,108.15019,101000,328.368,37.12
110100000,32.5,410.1817467,4.700591643,1000,18,34.19037199,1.7095186,1.7095186,1.299234136,0.277777778,4.178823243,96.99167514,1.1,74.5209947,30,7,91.32019,101000,326.55,34.18
110100000,32.5,393.5167411,4.740636,1000,18,35.75003575,1.787501788,1.787501788,1.358501359,0.277777778,4.369448814,96.89412934,1.1,73.66480565,30,7,87.94076,101000,337.772,28.88
110100000,32.5,374.5767511,4.704920546,1000,18,37.45879533,1.872939766,1.872939766,1.423434222,0.277777778,4.578297206,96.79004564,1.1,72.74907347,30,7,62.82057,101000,372,28.44
110000100,31,444.1441441,4.232921969,1000,18,54.64480874,0.273224044,2.18579235,2.18579235,0.027777778,0.667880996,99.57926946,0.8,64.66431095,20,10,47,100100,319.6775,66.6
110000100,31,444.1441441,4.394384339,1000,18,51.28205128,0.512820513,2.051282051,2.051282051,0.055555556,1.253561254,99.19325266,0.8,66.10169492,20,10,47,100100,305.3075,63.9
110000100,31,444.1441441,4.231135835,1000,18,48.30917874,0.724637681,1.93236715,1.93236715,0.083333333,1.771336554,98.83782356,0.8,67.4267101,20,10,47,100100,300.1675,52.6
110000100,31,444.1441441,3.96815889,1000,18,45.66210046,0.913242009,1.826484018,1.826484018,0.111111111,2.232369356,98.50948509,0.8,68.65203762,20,10,47,100100,303.4955,47
110000100,31,444.1441441,4.002524122,1000,18,43.29004329,1.082251082,1.731601732,1.731601732,0.138888889,2.645502646,98.20525371,0.8,69.78851964,20,10,47,100100,295.0295,41.6
110000100,31,442.081448,3.981725013,1000,18,45.87155963,0.917431193,1.834862385,1.834862385,0.111111111,2.242609582,98.50492695,0.8,68.55345912,20,10,47,100100,297.3895,46.7
110000100,31,444.1441441,3.96815889,1000,18,45.66210046,0.913242009,1.826484018,1.826484018,0.111111111,2.232369356,98.50948509,0.8,68.65203762,20,10,47,100100,303.4955,47
110000100,31,446.1883408,4.005717585,1000,18,45.45454545,0.909090909,1.818181818,1.818181818,0.111111111,2.222222222,98.51401554,0.8,68.75,20,10,47,100100,302.1405,48.7
110000100,31,448.2142857,4.005717585,1000,18,45.45454545,0.909090909,1.818181818,1.818181818,0.111111111,2.222222222,98.51401554,0.8,68.75,20,10,47,100100,301.4105,50.5
110000000,31,430.9836066,3.681967213,1000,18,57.7700751,2.021952629,0.866551127,0.866551127,0.194444444,4.94255087,96.94007312,1.1,63.38337605,75.05,6.67,5.61,100000,216.4475,38.5
110010000,31,354.0909091,3.870909091,1000,18,71.8907261,2.228612509,1.078360891,1.078360891,0.172222222,5.447719466,96.90955229,1.1,58.17649519,64.13,6.61,11.04,100000,281.812,38.6
110010000,31,381.3326886,3.147311412,1000,18,60.16847172,2.466907341,0.902527076,0.902527076,0.227777778,6.030217944,96.33288612,1.1,62.43425995,68.56,7.89,13.39519,100000,325.7915,37
110010000,31,423.2311558,2.60798995,1000,18,59.52380952,1.964285714,0.892857143,0.892857143,0.183333333,4.801587302,97.05918095,1.1,62.68656716,65.42,7.57,2.19019,100000,291.4205,36.5
110000010,31,450,3,1000,18,56.49717514,0.225988701,1.186440678,0.225988701,0.022222222,0.552416824,99.65800008,1.05,63.89891697,120,30,48,100000,150,148
110000010,31,450,3,1000,18,55.55555556,0.333333333,1.166666667,0.222222222,0.033333333,0.814814815,99.49267843,1.05,64.28571429,120,30,48,100000,155,122
110000010,31,450,3,1000,18,54.64480874,0.43715847,1.147540984,0.218579235,0.044444444,1.068609593,99.33097655,1.05,64.66431095,120,30,48,100000,180,105
110000010,31,450,3,1000,18,53.47593583,0.534759358,1.122994652,0.213903743,0.055555556,1.307189542,99.1755668,1.05,65.15679443,120,30,48,100000,206,90
110000010,31,450,3,1000,18,52.63157895,0.631578947,1.105263158,0.210526316,0.066666667,1.543859649,99.02124347,1.05,65.51724138,120,30,48,100000,253,81
110000010,31,450,3,1000,18,51.8134715,0.725388601,1.088082902,0.207253886,0.077777778,1.773172136,98.87018084,1.05,65.87030717,120,30,48,100000,254,78
1010000000,30.8,440,3,0,0,84.74576271,0,1.694915254,0.423728814,0,0,100,1.1,54.12844037,311.55,10,1128,100000,367,118
110000000,30.8,440,3,1000,18,84.03361345,0.084033613,1.680672269,0.420168067,0.005555556,0.031071252,99.98331463,1.1,54.33789954,135.85,10,1128,100000,233,116
110000000,30.8,440,3,1000,18,81.96721311,0.245901639,1.639344262,0.409836066,0.016666667,0.088685837,99.95186979,1.1,54.95495495,137.51,10,1128,100000,255,103
110000000,30.8,440,3,1000,18,74.62686567,0.746268657,1.492537313,0.373134328,0.055555556,0.24504344,99.86174391,1.1,57.26495726,120.72,10,1128,100000,302,90
110000000,30.8,440,3,1000,18,69.93006993,1.048951049,1.398601399,0.34965035,0.083333333,0.322754169,99.81314232,1.1,58.84773663,127.97,10,1128,100000,353,60
110000000,30.8,440,3,1000,18,59.88023952,1.796407186,1.19760479,0.299401198,0.166666667,0.473304887,99.70993792,1.1,62.54681648,157.96,10,1128,100000,488,42
100100000,32.8,712,3.8,1000,18,60.60606061,1.212121212,3.03030303,0.484848485,0.111111111,2.962962963,98.2078853,1,62.26415094,180,12.13,144,100000,122.5,70.2
100100000,32.8,712,3.8,1000,18,51.28205128,1.538461538,2.564102564,0.41025641,0.166666667,3.760683761,97.58613123,1.1,66.10169492,180,10.94,144,100000,145.5,67.5
100100000,32.8,447,7.3,1000,18,50,1,2,0.8,0.111111111,2.444444444,98.4106343,1.9,66.66666667,180,11.79,144,100000,91,69.7
100100000,32.8,447,7.3,1000,18,47.61904762,1.428571429,1.904761905,0.714285714,0.166666667,3.492063492,97.69754055,1.9,67.74193548,180,10.41,144,100000,138,57.9
100100000,32.8,677,5.6,1000,18,47.61904762,0.952380952,1.904761905,0.857142857,0.111111111,2.328042328,98.46164604,1.3,67.74193548,180,13.48,144,100000,73.5,80
100100000,32.8,677,5.6,1000,18,43.47826087,1.304347826,1.739130435,0.782608696,0.166666667,3.188405797,97.83549784,1.3,69.6969697,180,10.27,144,100000,110.5,58
100100000,32.8,428,8,1000,18,58.82352941,1.176470588,2.352941176,1.176470588,0.111111111,2.875816993,98.24140687,1.6,62.96296296,180,10.42,144,100000,78,59.1
100100000,32.8,428,8,1000,18,54.05405405,1.621621622,2.162162162,1.081081081,0.166666667,3.963963964,97.50566893,1.7,64.9122807,180,10.84,144,100000,110,58.8
100100000,32.8,718,4.6,1000,18,47.61904762,0.952380952,2.380952381,0.761904762,0.111111111,2.328042328,98.46550882,1.2,67.74193548,180,12.79,144,100000,232,74.4
100100000,32.8,718,4.6,1000,18,43.47826087,1.304347826,1.739130435,0.565217391,0.166666667,3.188405797,97.83229875,1.3,69.6969697,180,10.45,144,100000,121.5,59.69
100100000,32.8,444,7.6,1000,18,55.55555556,1.111111111,2.777777778,0.722222222,0.111111111,2.716049383,98.30423556,1.7,64.28571429,180,11.68,144,100000,176,66.08
100100000,32.8,444,7.6,1000,18,52.63157895,1.578947368,2.631578947,0.684210526,0.166666667,3.859649123,97.54983851,1.7,65.51724138,180,10.45,144,100000,114.5,55.4
110000000,31,405,6,1000,18,73.69196758,2.505526898,1.105379514,1.179071481,0.188888889,6.124621305,96.56849252,1.1,57.57318625,72.47,5,48,100000,165.609,40.4
110000000,31,405,6,1000,18,80.58017728,1.611603546,1.208702659,1.289282836,0.111111111,3.939475334,97.86697692,1.1,55.37706381,79.01,5,48,100000,179.699,59.9
110000000,31,405,6,1000,18,83.61204013,1.212374582,1.254180602,1.337792642,0.080555556,2.963582311,98.41871762,1.1,54.46265938,71.41,5,48,100000,199.327,79.4
110000000,31,405,6,1000,18,85.68980291,0.942587832,1.285347044,1.371036847,0.061111111,2.304103589,98.78275741,1.1,53.85325335,73.62,5,48,100000,194.672,99.6
110000000,31,405,6,1000,18,87.10801394,0.757839721,1.306620209,1.393728223,0.048333333,1.852497096,99.0278984,1.1,53.44506518,69.84,5,48,100000,187.851,122.5
100010000,31,416,2,1000,18,73.42143906,2.276064611,1.101321586,0.367107195,0.172222222,5.563713493,96.85960308,1.1,57.66299746,103.59,5,48,100000,219.2185,37.8
100010000,31,416,2,1000,18,80.51529791,1.328502415,1.207729469,0.40257649,0.091666667,3.247450349,98.22982957,1.1,55.39696699,125.04,5,48,100000,217.151,58
100010000,31,416,2,1000,18,84.10428932,0.849453322,1.26156434,0.420521447,0.056111111,2.076441454,98.88743685,1.1,54.31703974,119.34,5,48,100000,211.356,81.3
100010000,31,416,2,1000,18,85.2514919,0.699062234,1.278772379,0.42625746,0.045555556,1.708818793,99.08938559,1.1,53.98067188,117.65,5,48,100000,202.567,97.6
100010000,31,416,2,1000,18,86.50519031,0.527681661,1.297577855,0.432525952,0.033888889,1.289888504,99.31666234,1.1,53.61781076,119.15,5,48,100000,194.348,119.1
